3466,0.00272657,4,2,0
937,0.000555316,6,4,0
5233,0,1,0,0
8579,0.000569696,7,5,0
10310,0.0139226,147,143,1
15931,0.00477851,10,6,0
17038,0.0154498,32,30,0
18720,0,1,0,0
19607,4.85067e-05,2,1,0
1854,0.00171283,7,5,0
4583,0.000540361,2,4,0
9572,0.0408354,286,265,1
10841,0.00430333,61,61,1
13056,0.00581622,7,10,0
14982,0,1,0,0
16310,0.0161325,9,6,0
19640,0.0114142,220,233,1
23855,0.00540723,5,4,0
24372,0,1,0,0
24814,0.00874693,20,8,0
5052,0.0388218,279,251,1
899,9.17711e-05,1,0,0
1796,0,1,0,0
2287,0.00591512,149,146,1
3096,0.00345224,107,115,1
3386,0.0055067,13,8,0
4472,0.00198656,3,1,0
5346,0.0175016,237,210,1
5740,0,1,0,0
6094,0.000790723,1,0,0
6376,0,1,0,0
9124,0.0114774,245,232,1
10235,0.00325733,138,126,1
10427,0.00399961,57,63,1
10597,0.0018725,4,3,0
15159,0.000288976,2,1,0
16148,0.0250184,38,49,1
16741,0.00411478,8,6,0
18235,0,1,0,0
18549,0,1,0,0
19297,0.0110258,156,172,1
20511,0.0171043,292,261,1
20595,0.0103966,4,3,0
20613,0.00392862,5,5,0
24371,0.018177,244,221,1
24559,0.017736,241,224,1
24731,0,1,0,0
25102,0.00246667,2,2,0
25271,0.0064065,159,166,1
25396,0.00490372,12,10,0
1658,0.00175213,3,1,0
4822,0,1,0,0
6864,0,1,0,0
7689,0.0396934,292,262,1
7926,0.00668645,5,10,0
10268,0.00235717,5,2,0
12971,0,1,0,0
18600,0.00191252,2,1,0
20421,0.00128216,1,0,0
20886,0,1,0,0
21048,0.00329245,4,2,0
22393,0.000800613,4,3,0
23186,0.00108595,4,9,0
23214,0.00144289,4,2,0
23298,0,1,0,0
23945,0,1,0,0
24939,0.00170725,2,2,0
339,0.00771297,258,253,1
624,0.00690025,183,176,1
3731,0,5,4,0
4743,0.00772861,17,17,0
5407,0,4,3,0
6610,0.0202937,326,284,1
6700,0.0108071,267,259,1
8045,0.00725924,12,15,0
9099,0,3,2,0
9639,0.00483641,27,14,0
9785,0.011533,52,28,0
12141,0.000957908,2,1,0
15184,0.00251684,18,19,0
15784,0.00120238,15,17,0
18719,0.00215268,218,222,1
19870,0.00242793,15,12,0
20532,0.00220763,13,11,0
22527,0.00553609,17,10,0
23576,0.000962001,3,2,0
23577,0,2,1,0
23649,0,1,0,0
24199,0.00130981,4,3,0
24293,0.00735544,206,204,1
25201,0.000760629,6,5,0
10243,0.00227076,8,7,0
6774,0.00350719,229,243,1
8049,0,1,0,0
8053,0,1,0,0
8517,0.000262794,37,60,1
11964,0.003429,134,128,1
15538,0.00389935,5,1,0
16694,0.00103187,28,38,0
18648,0.00012514,2,3,0
19423,0.0112775,60,44,0
21012,0.0185177,331,288,1
22457,0.0199475,257,255,1
22691,0.015541,331,285,1
23452,0.00192212,218,219,1
16174,0.000248818,2,2,0
14265,0.0313646,336,267,1
392,0,1,0,0
2485,0,1,0,0
2949,0.00576835,58,77,1
3173,0,1,0,0
3441,0.00226814,4,1,0
3593,0.00174634,4,2,0
3853,0,1,0,0
3927,0,1,0,0
3937,0.000176902,2,1,0
3939,0.00311161,17,16,0
5107,0.0183002,184,191,1
5218,0,2,1,0
5230,0.000644425,1,0,0
6030,0.00140521,2,2,0
7350,0.0124815,14,6,0
7504,0.00359216,88,106,1
7601,0,1,0,0
8718,0,1,0,0
9522,0.00353155,4,3,0
11621,0.00162288,5,4,0
12498,0.000879765,1,0,0
12691,0,1,0,0
15251,0,1,0,0
16020,0.00296324,5,4,0
16261,0,1,0,0
17156,0,3,2,0
17626,0.00693316,168,165,1
18622,0,1,0,0
19059,0.00240697,3,1,0
19525,0,2,1,0
19738,0.00307833,1,0,0
20122,0.00515029,1,0,0
20432,0.00144271,5,2,0
21866,0,1,0,0
22074,0.00837988,102,92,1
23721,0,1,0,0
8916,0.00384195,15,12,0
13556,0.0188041,209,203,1
14485,0.0373601,202,214,1
8612,0.0075765,197,189,1
615,0.00571014,33,31,0
743,0.00221612,8,9,0
2076,0,1,0,0
4515,0.00107127,7,9,0
5773,0,1,0,0
9482,0.00664655,197,213,1
10822,0,1,0,0
11175,0.000675013,4,6,0
11604,0,1,0,0
14004,0,2,1,0
15003,0.00529199,45,26,0
15552,0.00785257,192,187,1
15814,0.00535981,13,13,0
16083,0.00286294,5,3,0
17932,0.00367963,10,12,0
20001,0,1,0,0
20100,0.00713169,9,5,0
23481,0,1,0,0
16258,0.00321878,155,134,1
1356,0.00040015,3,1,0
1727,0.0044623,4,4,0
2752,0.000290847,1,0,0
4125,0.000971454,3,5,0
6667,0,1,0,0
6825,0,1,0,0
10039,0.00192167,8,3,0
10351,0,2,1,0
11082,0.00179005,3,2,0
14123,0.00423601,157,140,1
16676,0,1,0,0
21194,0,1,0,0
10912,0.0002405,3,2,0
14534,0.00247875,11,4,0
17268,0.000864251,1,0,0
19783,0,1,0,0
21705,0.0007026,1,0,0
22836,0.0002405,2,1,0
2710,0.0355355,292,264,1
62,0.00316449,8,8,0
106,0.00289274,2,1,0
260,0.00189317,3,5,0
2959,0.00149933,24,39,1
3677,0.00462417,14,8,0
4708,0,1,0,0
5172,0.00760099,7,5,0
5541,0.00202912,3,5,0
5794,5.55251e-06,2,1,0
5807,0.00605046,7,6,0
6575,0.00358815,10,5,0
8458,0,1,0,0
10601,0,2,1,0
11401,0,1,0,0
13026,0.000635451,3,6,0
13205,0.000937507,5,7,0
13659,0.00690961,19,10,0
13989,0.00574123,42,53,1
14007,0.000328778,2,1,0
14009,0.000798894,1,0,0
14599,0.0405166,286,254,1
15301,0,1,0,0
18757,0.00309215,6,6,0
20934,0.000614185,4,2,0
21543,0.00216402,5,1,0
22184,0.00264337,8,7,0
23647,0.00807379,126,118,1
23708,0.0203881,165,173,1
25916,0.00430289,7,3,0
26023,0,1,0,0
26051,0.000481116,2,1,0
26100,0,1,0,0
214,0.0021729,4,4,0
5435,0,2,1,0
6512,0.0028319,76,52,1
10590,0.00157719,4,3,0
23559,0,1,0,0
1765,0.00349833,11,6,0
3032,0.00372506,105,112,1
5302,0.00828521,109,104,1
7383,0.00618165,14,10,0
7442,0.0115982,197,186,1
7768,0.00780222,88,87,1
13276,0.0216945,237,237,1
17266,0.00334985,6,7,0
22415,0.00378345,8,3,0
10794,0,1,0,0
7050,0.00112158,4,2,0
25850,0,2,1,0
10113,0.00172434,91,111,1
10657,0,1,0,0
12130,0.00539445,9,5,0
17172,0.000647229,47,64,1
4846,0.00363226,18,18,0
676,0.0156196,278,241,1
824,0.000664947,5,7,0
2133,7.52406e-05,6,6,0
2654,0.0270183,296,268,1
4748,0.000167617,9,8,0
5672,0,1,0,0
10549,6.08898e-05,1,0,0
12928,0,1,0,0
13220,0.00153978,29,39,0
14419,0.000324711,7,8,0
17330,0.00145365,12,9,0
17439,0.00463397,239,249,1
18487,0.00842268,247,244,1
20850,0.00410273,161,158,1
22779,0,2,1,0
23382,0.0138495,258,256,1
24029,5.09537e-05,1,0,0
11785,0.0158116,226,216,1
45,0.00147309,287,274,1
46,0,1,0,0
570,0.00443076,268,273,1
773,0.0015075,294,278,1
1653,0.00409081,285,279,1
2212,0.000157261,18,14,0
2741,0.00932468,298,282,1
2952,2.22462e-07,13,11,0
3372,0.000112123,23,18,0
4046,0,1,0,0
4164,0.00688905,292,277,1
4511,0.000149842,4,1,0
4513,0,1,0,0
5262,0,1,0,0
6179,0.000481339,15,12,0
6830,2.22462e-07,12,10,0
7956,0.00190314,33,22,0
8879,2.22462e-07,10,8,0
11241,0.00194339,41,42,0
11472,2.22462e-07,11,9,0
12365,0.0178502,327,286,1
12496,0.00125283,30,25,0
12678,0.00118302,3,2,0
12781,0.00936134,32,23,0
12851,2.22462e-07,8,6,0
14540,0.000592132,20,16,0
14807,0.00472408,306,281,1
15659,2.22462e-07,6,4,0
16159,0.00123097,2,2,0
17655,0.0286106,286,283,1
17692,2.22462e-07,5,3,0
18894,0.0019172,21,17,0
19961,2.22462e-07,9,7,0
20108,2.22462e-07,7,5,0
20562,2.22462e-07,4,2,0
20635,0.000158935,17,13,0
21281,0.0153282,327,287,1
21508,0.00513123,51,27,0
21847,0.000113294,20,15,0
22798,0.00735813,3,4,0
22887,0.00179024,23,20,0
23293,0.0112661,45,43,0
24955,0.000746927,290,275,1
25346,0.00337057,32,21,0
25758,0.0131895,298,276,1
934,0.00123752,3,1,0
5579,0,1,0,0
9755,0.00746837,37,41,0
10550,0,2,1,0
16032,0.011279,5,3,0
17331,0,1,0,0
17603,0.000134522,1,0,0
20644,5.02453e-05,1,0,0
22497,0,1,0,0
23387,0,1,0,0
23907,0.000489791,4,3,0
24924,0.0182128,36,19,0
25080,0.00142419,148,150,1
12422,0,1,0,0
1339,5.57912e-05,2,1,0
3164,0.000176538,5,5,0
15580,7.68229e-05,4,6,0
16393,0,1,0,0
20478,0.0165331,241,239,1
20956,0,1,0,0
3890,0.00333083,67,74,1
5621,0.0016925,16,16,0
8824,0,1,0,0
11613,0,1,0,0
12306,0,1,0,0
12860,0,1,0,0
14547,0,1,0,0
18182,0.000774481,1,0,0
21707,0,2,1,0
24696,0.0161767,208,207,1
2661,0.000240505,4,2,0
7899,0.000656305,1,0,0
8067,0,1,0,0
8208,0.000516067,2,1,0
11132,0.000481179,5,3,0
11402,0,1,0,0
12980,0.000492835,8,5,0
13364,0.00106599,6,4,0
14969,1.88255e-07,3,1,0
16389,0.00588133,232,242,1
18109,0.00073953,5,3,0
18365,0.00985366,23,35,1
23038,0.0252809,307,263,1
24845,0.000240746,7,4,0
25379,0,1,0,0
13740,0.00281259,109,102,1
4550,0.0108096,234,212,1
4702,0,2,1,0
7264,0.00472627,152,161,1
13096,0.0265127,42,55,1
14128,3.28942e-05,2,1,0
19489,0.00657072,12,6,0
19527,0.000317966,1,0,0
19784,0,1,0,0
22476,0.00295068,1,0,0
25006,0.0207966,49,56,1
25486,0.000766704,2,1,0
26,0,1,0,0
1407,0.000125441,2,1,0
1488,0.0262986,298,258,1
8219,0,1,0,0
10762,0.0272338,281,252,1
11801,0.00332402,11,7,0
12665,0,1,0,0
12688,0,1,0,0
13142,0.0252219,267,246,1
15108,0.0144884,230,218,1
15321,0.00201648,3,2,0
20647,0.000686002,2,1,0
20827,0.00970787,2,1,0
20879,0.00902619,173,156,1
23614,0.0180889,243,238,1
3909,0.00880068,203,181,1
17979,0.000854553,2,1,0
3872,0.00182283,7,4,0
5109,0,1,0,0
7533,0.000942778,4,5,0
12409,1.19928e-05,2,1,0
20101,0,1,0,0
23096,0,1,0,0
8862,0.00137635,5,8,0
78,0.000396964,2,1,0
4877,0,1,0,0
7459,0.00787897,16,14,0
8254,0.0039352,14,9,0
12155,0,1,0,0
22598,0.0109639,187,184,1
24932,0.00671456,4,7,0
888,0,2,1,0
1520,0,1,0,0
6468,0.00387593,4,7,0
6627,0,1,0,0
7007,0.0241781,260,235,1
7712,0.00551978,183,188,1
10711,0.0119426,225,223,1
13614,0.00893026,175,167,1
14102,0.00181362,5,4,0
18517,0.000523383,21,17,0
18676,0.00244504,8,4,0
23351,0.000269855,4,2,0
23689,0,2,1,0
24114,0,1,0,0
2465,0.00107312,1,0,0
2592,0,1,0,0
3977,0.00110187,7,4,0
5055,0,1,0,0
5993,0.00633136,130,135,1
9265,0,1,0,0
12334,0.00820546,134,139,1
19890,0.00116481,4,1,0
20341,0,1,0,0
21560,0,1,0,0
17309,0,1,0,0
24833,0.00473182,187,183,1
543,0.00686534,241,228,1
1958,0.00992813,200,197,1
2193,1.37181e-05,1,0,0
3917,0,2,1,0
6858,0,3,2,0
8148,0,1,0,0
9092,0.000168658,1,0,0
12478,0.0039039,75,82,1
15366,0,2,1,0
18125,0,1,0,0
18398,0,1,0,0
19675,0.000403881,13,4,0
21806,0.00285461,5,3,0
23693,0.000196505,5,3,0
26196,1.52618e-05,2,1,0
7893,0.00262392,9,10,0
593,0.00241786,17,8,0
5510,0.00148531,3,1,0
9360,0.00675657,4,3,0
12627,0.00175774,12,6,0
16778,0.000769498,3,2,0
18037,0,1,0,0
18051,0.00357314,11,11,0
13385,0,1,0,0
19578,0,1,0,0
12386,0,1,0,0
13333,0,2,1,0
23896,0.00107715,17,7,0
8978,0,1,0,0
9017,0.0092833,258,247,1
15170,0,2,1,0
15455,0.0054125,173,175,1
16589,0.000552223,5,3,0
2255,0.00067791,4,1,0
3056,0,1,0,0
6158,0,2,1,0
7307,0.0206808,32,11,0
7324,0.000733725,1,0,0
8365,0.00187345,9,8,0
9023,0,1,0,0
11444,0.000409546,2,2,0
12324,0.000344102,3,2,0
12472,0.00369724,8,7,0
13831,0.00186508,12,9,0
14746,0.0257126,265,236,1
16128,2.97911e-05,1,0,0
17075,0.00739864,201,198,1
18875,0.00180144,5,6,0
19900,0.000618589,2,1,0
20000,0.00116678,4,4,0
20806,0,1,0,0
21944,0,1,0,0
21968,0.00606288,130,136,1
23302,0,1,0,0
23665,0.00434645,9,3,0
23758,0,1,0,0
24722,0,1,0,0
12045,0,1,0,0
12287,0,1,0,0
14181,0.00800351,4,2,0
20257,2.97787e-05,2,1,0
21613,0.000481174,2,1,0
7510,0,1,0,0
197,0,2,1,0
8851,0.00455226,8,5,0
1343,0,1,0,0
2991,0.000129881,1,0,0
8299,0,1,0,0
15416,0,2,1,0
18088,0.00172501,18,12,0
25286,0.00326572,139,129,1
1254,0.000185726,1,0,0
3420,0.000664945,1,0,0
10130,0.0098926,181,160,1
2250,0,6,5,0
3243,0.000759057,2,1,0
7717,0,7,6,0
7985,0.0107556,181,164,1
11015,0.00295843,11,9,0
12085,0.000952109,2,6,0
13714,0,8,7,0
14767,0,5,4,0
16056,0.00586364,118,125,1
16994,0.0172472,213,209,1
17414,0.00327135,70,75,1
18971,0,4,3,0
19216,0,3,2,0
20534,0,2,1,0
21776,0.0028007,1,0,0
21860,0.00170772,3,2,0
25205,0,1,0,0
178,0.00140056,5,3,0
1248,0.000248005,2,2,0
1403,0.00230477,3,2,0
2368,0.00390538,66,68,1
2420,0.00192342,3,2,0
16210,0.00405602,14,10,0
18681,0.000501,1,0,0
20641,0,1,0,0
24762,0.00158342,2,1,0
2307,0,1,0,0
6934,0.00704597,163,148,1
22423,0.00719243,17,15,0
231,0.0122725,269,257,1
345,0.000403654,3,3,0
1186,0.0015833,9,14,0
1234,0.00362469,5,7,0
1841,0,2,1,0
1997,0,1,0,0
2404,0.000538022,5,3,0
2450,0,1,0,0
2980,0.00173389,235,231,1
3409,0.00118661,173,171,1
5134,9.39247e-06,1,0,0
5578,0,1,0,0
8503,0.00409303,5,1,0
9341,0,1,0,0
9889,0.0120853,220,206,1
12503,1.74278e-05,3,2,0
13060,1.44705e-08,2,1,0
13597,0.0099615,186,179,1
16611,0,1,0,0
18208,0.0189941,241,229,1
18543,0.00242461,6,6,0
18866,0.0239694,288,270,1
22421,5.55259e-05,2,1,0
22937,0.00132515,200,193,1
23363,0.000663913,5,6,0
23628,0,1,0,0
25053,0.00045245,4,2,0
25251,0,1,0,0
2982,0,1,0,0
4036,0.00103467,2,1,0
4115,7.71762e-08,3,1,0
12938,9.32514e-06,7,3,0
13032,0,1,0,0
19215,0,1,0,0
21432,0.0088249,194,185,1
22726,0,1,0,0
22834,0.000166683,2,1,0
22966,0,1,0,0
23511,0,1,0,0
25528,0,1,0,0
25836,9.42161e-06,6,2,0
14376,0,1,0,0
8710,0,1,0,0
22483,0.00224196,7,2,0
1375,0.000481116,2,1,0
2846,0.00793546,12,7,0
5555,0.00161964,2,2,0
5564,0.00325936,4,2,0
5787,0.00350805,3,3,0
9721,0.000481116,2,1,0
10158,0,1,0,0
10942,0.00521481,102,103,1
13600,0,1,0,0
13929,0.0391881,298,272,1
21075,0.00794451,174,170,1
21316,0,1,0,0
22900,0,1,0,0
23637,0.00275933,6,3,0
23770,0.00796876,76,85,1
25143,0.000141009,1,0,0
25601,0,1,0,0
25980,0,2,1,0
17394,0,1,0,0
18924,0.00117949,7,5,0
3113,0.00663598,186,182,1
8312,0.000481116,5,3,0
10765,0,1,0,0
17538,0,3,2,0
25978,0,2,1,0
1172,0.00288468,18,13,0
5674,0,1,0,0
26194,0,1,0,0
375,0,1,0,0
1838,0,1,0,0
12733,0.00261891,10,10,0
7188,0.00312192,9,3,0
896,9.73208e-05,3,2,0
921,0,1,0,0
1508,0,1,0,0
6815,9.31059e-05,2,1,0
7209,1.53569e-06,1,0,0
8279,6.51154e-05,3,1,0
13008,0.00762808,199,199,1
18605,0,1,0,0
21158,0,1,0,0
4632,0,1,0,0
7844,0.00183911,121,133,1
11053,0,1,0,0
11148,0.000106817,3,2,0
13411,0.000234648,2,1,0
14512,0.00209903,8,14,0
16594,0.000213919,18,24,0
16722,0,2,1,0
16726,0,1,0,0
16876,0,1,0,0
19954,0.000108398,2,1,0
19992,0.00365244,13,8,0
20391,0.00474696,2,1,0
20774,3.19441e-05,4,2,0
23403,0.000874718,104,100,1
4870,0,1,0,0
5175,0.000880783,4,2,0
8282,0,2,1,0
22046,0.00558678,111,109,1
2449,0.0012731,37,34,1
4766,0,1,0,0
3561,0.00349988,14,11,0
4868,0.00179495,10,5,0
8352,6.99151e-05,1,0,0
10456,0.00458544,6,1,0
15365,0.000481116,2,1,0
16931,0.00528232,6,4,0
17778,0.000573885,4,2,0
2556,0.0138218,123,108,1
19159,0.000562918,13,15,0
21699,1.69879e-06,1,0,0
25382,3.03044e-05,2,1,0
8701,0.0043937,9,4,0
523,0.000481116,2,1,0
5464,0.00177014,5,3,0
7774,6.96935e-05,3,2,0
17379,0.00549699,149,145,1
18008,0.000481116,2,1,0
23385,0,1,0,0
25868,0,1,0,0
26170,0.000204781,1,0,0
1310,0.0024199,8,8,0
2922,0.000791804,1,0,0
3651,0.0095119,301,266,1
6891,0.000594525,4,3,0
10162,0,1,0,0
10620,0.000292368,2,1,0
11112,0.000481116,2,1,0
13174,0.000114868,3,2,0
14864,0.00349948,8,4,0
17536,0.00638236,7,5,0
23153,0,1,0,0
24340,0.00165435,2,3,0
11102,0.00323401,30,38,1
18592,0.00144289,5,2,0
22765,0,1,0,0
1896,0.00336374,6,2,0
6838,0.00239814,7,4,0
25220,0,1,0,0
4180,0.00285505,1,0,0
10055,0.0096958,169,178,1
12637,0.00364193,1,0,0
1832,0,1,0,0
4383,0,1,0,0
7014,0,1,0,0
9397,0.0017979,20,17,0
14344,0.000241098,2,1,0
14385,0,2,1,0
21379,0.00936285,23,37,0
24163,0,1,0,0
4416,0.00722036,199,194,1
9241,0.00776223,15,12,0
2620,0.00390362,4,3,0
3679,0.000252818,1,0,0
4364,0.0127082,34,20,0
5712,0.00332953,11,5,0
13955,0.00203104,16,8,0
14003,0.00230616,4,3,0
15235,0.00362016,5,6,0
18227,0.00117441,1,0,0
19445,0,1,0,0
19495,0,1,0,0
20168,0.00627489,4,3,0
23967,0.0176998,46,47,1
1116,0.00388765,7,4,0
15399,0.000481116,2,1,0
18222,0.00144265,4,3,0
21287,0.000983723,5,3,0
23227,0,1,0,0
4624,0.00850544,139,121,1
5355,0,1,0,0
6863,0,2,1,0
12606,0.00160037,5,2,0
12968,0.002639,5,1,0
15770,0.00192342,5,3,0
21322,0,1,0,0
22265,0.00436237,119,105,1
22336,0.00422277,90,99,1
23099,0,1,0,0
23880,0.00242601,6,5,0
25111,0.000754328,1,0,0
4319,0.0002405,3,2,0
12758,0.0002405,2,1,0
22023,0,1,0,0
14337,0.00263163,8,3,0
5849,0,1,0,0
10763,0,1,0,0
11121,0,1,0,0
11194,0.0010528,5,2,0
15799,0.00504322,69,79,1
16511,0.000706251,2,1,0
16575,0.00473639,6,4,0
16945,0,1,0,0
21157,0,1,0,0
2326,0.000593118,3,3,0
10253,0,1,0,0
13190,0.0106146,36,40,1
14325,0,1,0,0
19048,0.00375957,15,11,0
20182,0.00254785,5,3,0
3595,0,1,0,0
18174,0,1,0,0
17850,0,1,0,0
20620,0,1,0,0
12380,0.000962117,3,1,0
3197,0,1,0,0
6160,0,2,1,0
8589,0.000136172,4,1,0
9417,7.30143e-05,1,0,0
9829,0.00759483,13,4,0
14638,0.00285121,2,1,0
14924,0.0181078,231,227,1
15972,0,1,0,0
17228,0.00672107,40,42,1
18940,0.0100582,156,163,1
19090,0,1,0,0
19475,0,1,0,0
20207,0.00330888,4,3,0
22644,0.00892896,5,2,0
22790,0.0024415,6,7,0
24001,0.000682463,3,2,0
25228,0,1,0,0
9710,0.00771116,213,205,1
3345,0.0031797,154,157,1
3430,0.00193912,2,1,0
5266,0.00106886,4,3,0
5995,0,1,0,0
7999,0,1,0,0
8047,0.000650502,1,0,0
8178,0,1,0,0
8868,0,1,0,0
10824,0,1,0,0
15144,0.00710914,11,6,0
19107,0.000686287,3,1,0
19806,0,1,0,0
22439,0,1,0,0
23304,0,1,0,0
24431,0.00192528,6,4,0
11077,0.00613539,12,4,0
10211,0.00290274,71,89,1
14972,0,3,2,0
15300,0.00678241,185,195,1
17158,0,1,0,0
17162,0,1,0,0
17403,1.15764e-07,3,2,0
20149,0,1,0,0
20519,0,1,0,0
21389,2.12234e-07,5,3,0
22951,0.0028313,6,3,0
23912,0,2,1,0
23918,3.85881e-08,2,1,0
25589,0,1,0,0
6895,0,1,0,0
3076,6.45909e-05,1,0,0
7444,0.00151066,28,30,1
8972,0.000351537,1,0,0
17308,0,1,0,0
20574,0.00231482,35,31,1
21629,0.000435887,5,5,0
245,0,1,0,0
4983,0,1,0,0
13480,0.00156347,4,2,0
14562,0,1,0,0
15912,0,1,0,0
16976,0.0025267,9,4,0
19974,0.00156753,2,1,0
22245,0,1,0,0
414,0,1,0,0
1044,0.001307,9,4,0
4975,0.00102547,4,4,0
5809,0,1,0,0
12587,0.00857869,39,45,1
16123,0.00132701,2,1,0
20303,0.00286038,7,2,0
4451,0,1,0,0
9983,0,1,0,0
15205,3.85881e-08,3,1,0
15666,0,1,0,0
15667,0,1,0,0
19093,0.00219931,2,3,0
21031,0,1,0,0
24330,0.00535586,49,50,1
5840,0,1,0,0
6732,0.00035688,4,5,0
8614,0,1,0,0
13847,0.00187277,2,1,0
15081,0.000272098,2,4,0
22609,6.97141e-06,1,0,0
3310,0.00871375,166,168,1
5143,0,1,0,0
9735,0.000668494,2,1,0
17396,0,1,0,0
26138,0,1,0,0
4700,0,2,1,0
5606,0,1,0,0
1386,0.000580703,2,2,0
1738,0.000962001,3,2,0
2566,0.000481116,3,1,0
2720,0.000481116,2,1,0
5634,9.80951e-05,1,0,0
9870,0,1,0,0
16779,0,1,0,0
24475,0,2,1,0
25931,0.00245087,8,7,0
1817,0.00144289,5,2,0
3725,0.000208713,3,2,0
5366,0,1,0,0
15911,0.000208713,2,1,0
9800,0.000855706,6,5,0
26141,0,1,0,0
18001,0,1,0,0
22177,0.0121583,221,217,1
25480,0.000590145,4,1,0
1425,0.00146145,75,78,1
2501,0.00378009,85,90,1
2823,0,2,1,0
5136,0,1,0,0
7105,0,1,0,0
7317,0.000559329,6,3,0
9127,0,1,0,0
14615,0.00861297,6,6,0
17089,0.00117869,4,5,0
19454,0,1,0,0
22758,0.00264492,11,6,0
23841,0.00647858,5,5,0
3207,0,1,0,0
7125,0.00141236,10,4,0
20683,0.000950555,4,2,0
25419,0.000201273,1,0,0
2591,0.00193301,2,3,0
8932,0,1,0,0
9188,2.87266e-05,1,0,0
9773,0,1,0,0
13713,0,1,0,0
19179,0.000936782,3,1,0
14818,0.000409173,2,1,0
26190,0.00093277,2,1,0
3839,0.00261416,21,16,0
13615,0,1,0,0
16674,0.00292955,10,8,0
7042,0.000108723,2,1,0
9269,0,1,0,0
11661,0.002019,5,6,0
21994,0.00376131,22,9,0
9943,0.000471174,75,94,1
10096,0.00821015,17,8,0
15614,0.000279539,6,6,0
16368,0.00582845,8,5,0
17285,0.00257803,2,3,0
21407,0.000611658,1,0,0
8715,0.000103182,2,5,0
21142,0,1,0,0
21167,0,1,0,0
284,0,1,0,0
6427,0.00240419,6,2,0
16835,0,2,1,0
18677,0,1,0,0
21696,0,2,1,0
25854,0,1,0,0
25940,0.00288322,2,3,0
9485,0,1,0,0
10435,9.91927e-05,2,1,0
14698,0,1,0,0
21823,9.91927e-05,1,0,0
811,0.00434386,75,76,1
9964,0.000165984,2,1,0
11919,0.00113406,2,1,0
15123,0.000962001,2,2,0
17021,0.000481116,2,1,0
19517,0.00568975,5,9,0
22989,0.000410203,1,0,0
23485,0.000751175,6,6,0
8069,0.000481116,2,1,0
2127,0,1,0,0
11712,0.0049821,9,4,0
10871,0.00429511,156,151,1
15829,0.000542408,2,2,0
16106,2.86617e-05,3,2,0
17207,0.00308251,88,86,1
17670,2.86617e-05,2,1,0
18286,0.001155,4,3,0
18612,8.64917e-05,2,1,0
19234,0,1,0,0
19724,0,1,0,0
22876,0.00624574,157,141,1
3412,0,1,0,0
894,2.54888e-05,2,1,0
4814,0.0016446,9,9,0
5441,0.00010664,5,2,0
5717,0.00276684,7,4,0
5934,0.00828336,12,8,0
9075,0,1,0,0
10623,0.000536156,2,1,0
11223,0.000536706,3,1,0
11491,0,1,0,0
12659,0.00193293,14,11,0
14351,0.00294836,11,12,0
19807,0,1,0,0
21324,0.000731124,4,2,0
21665,0,1,0,0
22734,0,1,0,0
22778,0.00402746,6,4,0
23246,0.000321681,3,3,0
25698,0.00663994,123,137,1
7615,0.00376288,7,11,0
12806,0.00414805,1,0,0
1620,0.00247672,4,3,0
3922,0.00695304,10,9,0
9133,0,1,0,0
9895,0,1,0,0
9907,0.00104783,5,2,0
11791,0.000481116,2,1,0
18457,0,1,0,0
19131,0,1,0,0
19997,0,1,0,0
21491,0.00811239,187,208,1
22426,0.00225806,4,7,0
22791,0,1,0,0
25158,0.00178405,1,0,0
25316,0.00194466,5,2,0
352,0,1,0,0
3996,0.00192365,5,2,0
10555,0.000983869,2,2,0
15850,0.000416002,2,1,0
19101,0.00204463,6,4,0
20533,0,1,0,0
21943,0.00322145,10,3,0
22603,0,1,0,0
23513,3.85881e-08,3,1,0
25034,0.0132112,222,200,1
1280,0,1,0,0
5851,0,1,0,0
11591,0.00190164,9,9,0
13520,0.0100292,47,48,1
16921,0.00104607,9,5,0
21646,0.0014101,5,6,0
17559,0.00253593,31,44,1
1674,0.000335032,3,2,0
3323,0.000690482,2,1,0
8680,3.39373e-05,2,1,0
9184,0.00743732,21,25,0
13813,0.00662948,132,132,1
19204,0.00149656,8,2,0
19206,3.80536e-06,1,0,0
19657,0.004352,9,6,0
20373,0.0137596,60,51,1
23204,0.00227023,8,3,0
409,0,2,1,0
2474,0.000481116,2,1,0
4241,0.015053,220,190,1
6746,0,1,0,0
10476,0.00261518,3,7,0
16568,0.000749513,4,2,0
21771,0.011372,5,5,0
24620,0.000442142,1,0,0
2081,0,1,0,0
2664,0,1,0,0
12212,0.00405231,167,153,1
13528,0,1,0,0
14628,0,1,0,0
22574,0.00231746,9,5,0
25872,0,1,0,0
1545,0.00762128,13,9,0
2202,0,3,2,0
15206,0,1,0,0
17233,0,2,1,0
18158,0.000187658,2,1,0
21317,0,1,0,0
24271,0,1,0,0
8547,2.65947e-05,1,0,0
10791,0.00727951,152,159,1
10919,0,1,0,0
11275,0.0157822,219,201,1
15600,0,1,0,0
15608,0.00099432,2,1,0
16644,0,1,0,0
24568,0.00160583,6,2,0
25996,0.000435594,49,57,1
26098,0.0014051,4,3,0
1059,0,2,1,0
6154,0.00573251,161,162,1
7725,0.000721804,1,0,0
11125,0,1,0,0
13705,0,1,0,0
15435,0.00434252,8,2,0
16039,0.00240396,7,3,0
17821,0,1,0,0
18540,0.0110299,162,147,1
20536,0,1,0,0
23529,0.00220808,7,2,0
10588,0.00601624,126,120,1
3916,0.000351416,5,3,0
4525,0.00417408,53,66,1
4952,0.0218009,266,248,1
5352,5.61586e-06,2,1,0
5729,0,1,0,0
10490,0.00348055,60,73,1
12101,0.00664937,9,6,0
13801,0.0588586,332,271,1
15311,0.000937984,2,2,0
21754,0.00735397,7,6,0
23134,0.011243,225,215,1
24614,0.00133094,4,2,0
4493,0.000102883,3,2,0
14627,0.00147059,3,6,0
23720,0.000146638,5,3,0
930,0.000481116,3,1,0
3946,0,1,0,0
4760,0,1,0,0
17189,0,1,0,0
10463,0,1,0,0
10526,0,1,0,0
11788,0,1,0,0
17746,0.00133484,4,2,0
18189,0,1,0,0
21438,0,1,0,0
22611,0,1,0,0
26038,0.00847109,166,154,1
4195,0.000441782,4,3,0
7069,0.00111504,2,1,0
9098,0,1,0,0
17721,0.00511396,90,84,1
21723,0.00284935,2,1,0
24587,0,1,0,0
7895,0.000481116,2,1,0
11863,0,1,0,0
12110,0.000295245,2,1,0
1000,0.0231411,261,234,1
1149,0.00407693,6,3,0
1694,0.00175588,9,12,0
2115,0.0123327,194,180,1
4575,0.00549999,217,202,1
5605,0.00282897,6,3,0
6288,0,1,0,0
12016,0.00172671,3,4,0
12070,0.0033495,11,9,0
13469,0.00596298,117,110,1
16101,0.00656493,6,6,0
18250,0,1,0,0
20667,0,1,0,0
20716,0.0171995,23,19,0
23107,0.0032981,3,2,0
23344,0.00665247,77,71,1
23939,0.0110421,18,18,0
25402,0.000425704,2,1,0
25948,0.000327431,2,2,0
6963,0.00262441,107,123,1
8374,0,2,1,0
17465,0,1,0,0
19865,0.0269819,274,240,1
3006,0.00363006,6,7,0
3630,0.00139114,3,1,0
5901,0.0200534,277,245,1
5953,0.00462407,153,152,1
7911,0.0020974,11,6,0
8730,0,1,0,0
10406,0.00104358,4,3,0
12874,0.000266608,1,0,0
13177,0,1,0,0
16817,0.000681782,5,3,0
19723,0.000554397,3,2,0
24885,0.000973268,5,2,0
13653,0,1,0,0
22599,0,1,0,0
3265,0.00781103,11,9,0
3998,0.000481116,3,1,0
8513,0,1,0,0
10501,0,1,0,0
13029,0.00192308,2,3,0
13622,0,1,0,0
13682,0,3,2,0
16324,0.00302805,4,5,0
16640,0.00179613,5,5,0
16749,0,1,0,0
26059,0,2,1,0
26065,0.00353993,8,4,0
580,0,1,0,0
6431,0,2,1,0
1877,0.00213297,5,3,0
2042,0.00571865,13,4,0
15880,0.00454095,7,5,0
16967,0.0017675,22,36,1
19710,0,2,1,0
20014,0.00118655,2,2,0
23163,0,1,0,0
23225,0,1,0,0
3683,0,1,0,0
3845,0,1,0,0
6748,0,1,0,0
14664,0,1,0,0
16065,0,1,0,0
16963,0,1,0,0
20650,0.000481116,2,1,0
3804,0.010652,88,88,1
4032,0,1,0,0
5194,0.00154331,3,1,0
23137,0,1,0,0
11495,4.46295e-05,2,1,0
12842,0.00468806,45,46,1
495,0,1,0,0
2742,0,1,0,0
3965,0,2,1,0
5622,0,1,0,0
7855,0,1,0,0
8928,0,1,0,0
8968,0.00853597,73,81,1
9458,0.000184202,4,4,0
17968,0.00073941,3,1,0
18375,0,1,0,0
8335,0.00616135,10,10,0
1104,3.97934e-05,1,0,0
5427,0,1,0,0
13322,0,1,0,0
13529,0,1,0,0
18619,0.00274469,7,7,0
18751,0.00226357,5,6,0
6494,0.000463329,5,5,0
2526,0.000115675,8,11,0
6364,0.000624978,2,2,0
6857,0.0036734,12,12,0
7853,0.000272216,2,3,0
14976,0.000272216,3,4,0
24781,0.00258898,13,13,0
321,0,1,0,0
21853,0.000672585,4,4,0
884,0,1,0,0
5469,0,3,2,0
5575,0,1,0,0
10183,0,1,0,0
10966,0.000584365,5,4,0
16624,0,2,1,0
24699,0.00219233,4,3,0
14308,0.000916472,4,4,0
5166,0.000431898,1,0,0
5597,0.0038468,10,6,0
9066,0.000826291,14,10,0
20787,0.000126697,2,2,0
23836,0.00393218,15,7,0
25050,0.000432612,5,3,0
5287,0.00278889,15,9,0
17273,7.56148e-05,2,1,0
9283,0.00328179,2,1,0
953,0,1,0,0
17794,0.000167062,1,0,0
114,0,1,0,0
2348,0,1,0,0
6631,0,1,0,0
8854,0.000962117,3,1,0
4290,0,1,0,0
8200,0,2,1,0
11113,0,1,0,0
12302,0,1,0,0
21017,0,1,0,0
23297,0.000977044,4,2,0
23066,0.00192308,4,3,0
3765,0.00364415,6,4,0
14500,0,1,0,0
17918,0.00144265,1,0,0
3418,0.000760923,3,1,0
4798,0.00107793,6,5,0
12866,0,1,0,0
20196,0,1,0,0
21663,0.00192308,2,3,0
14020,0.00384441,5,4,0
22203,0.00144289,3,2,0
1600,0,1,0,0
15905,0,1,0,0
21635,0,2,1,0
16543,0.00267549,8,5,0
238,0.000962001,3,2,0
4793,0.00123353,6,4,0
6218,0.0103243,145,130,1
15516,0.00123741,4,2,0
16553,0,1,0,0
16563,3.47293e-07,3,3,0
16565,0,2,1,0
22964,0,1,0,0
8442,0,1,0,0
10412,0,2,1,0
491,0.00143138,11,5,0
1124,0.00136359,3,2,0
1818,0,1,0,0
4552,0.00111412,1,0,0
5739,0,1,0,0
6823,0.00568139,23,13,0
7882,0.000886211,6,2,0
13328,0.0014942,6,3,0
17039,0,2,1,0
17082,0.0027469,8,4,0
22028,0.000481116,3,1,0
23454,0,1,0,0
3681,0,1,0,0
7126,0,1,0,0
3547,0.0118807,11,8,0
449,0.00995234,31,10,0
882,0.000166479,2,5,0
1405,0,1,0,0
1498,0,2,1,0
3033,0,1,0,0
3048,0.00199198,5,2,0
3511,0,1,0,0
7091,0,1,0,0
14707,0.000450178,7,7,0
17245,0.00224162,4,6,0
18340,0,1,0,0
6804,0.00168012,6,2,0
12260,0,2,1,0
19624,0.000506716,3,1,0
22826,0.000664094,5,3,0
25491,0,1,0,0
25844,0,1,0,0
6184,0,1,0,0
19161,0.000481116,3,1,0
21831,0,1,0,0
88,3.65737e-05,21,15,1
1995,3.65737e-05,26,20,1
2338,3.65737e-05,18,12,1
2530,3.65737e-05,23,17,1
2535,3.65737e-05,22,16,1
4355,0,3,2,0
4755,3.65737e-05,27,21,1
5210,0,1,0,1
6340,3.65737e-05,20,14,1
7197,3.65737e-05,31,25,1
7635,3.65737e-05,30,24,1
8727,0,3,2,1
9313,0,4,3,0
9656,3.65737e-05,29,23,1
9869,3.00663e-05,14,8,1
10350,0.00108134,35,29,1
12507,3.65737e-05,32,26,1
12710,0,5,4,1
14648,0,5,4,0
14766,3.65737e-05,34,28,1
15010,3.65737e-05,28,22,1
15244,0.014791,323,280,1
15245,0,6,5,1
15457,4.16751e-08,8,7,1
15933,3.00663e-05,16,10,1
16654,3.65737e-05,33,27,1
17807,3.65737e-05,25,19,1
18225,3.65737e-05,19,13,1
18453,0.00252058,36,33,1
18778,0.0015756,34,32,1
19114,0,2,1,0
19446,0,2,1,1
19645,3.65737e-05,17,11,1
19939,3.65737e-05,24,18,1
20346,0,1,0,0
20576,3.00663e-05,15,9,1
21178,0,1,0,0
22504,0,4,3,1
23712,4.16751e-08,7,6,1
24453,0.000304887,2,1,0
24718,0.00300533,302,269,1
12308,0,1,0,0
15935,0.000481116,4,2,0
18276,0,2,1,0
18904,0.000559426,3,2,0
2190,0,1,0,0
6172,0.000435302,4,3,0
8592,0.000435302,5,4,0
14933,0,2,1,0
4249,0,1,0,0
21718,0.000839449,3,1,0
22290,0,1,0,0
23441,0.00161723,88,93,1
24113,0,1,0,0
6421,2.19793e-05,3,1,0
8224,6.68676e-05,1,0,0
11182,0.000784656,1,0,0
11696,0.00556476,197,196,1
12286,0.00228322,12,10,0
23423,0.000420903,3,2,0
500,0.000509685,6,5,0
2085,0.000242043,2,3,0
2568,7.71762e-08,1,0,0
3099,0.000252596,3,4,0
4468,0,2,1,0
4631,0,1,0,0
9892,0,2,1,0
10358,0,1,0,0
10458,0.000481116,4,2,0
10615,0.000248763,7,7,0
11011,1.9294e-07,7,4,0
12074,0.000123353,5,6,0
13971,0,1,0,0
14079,0,2,1,0
16754,0.000151264,3,2,0
18783,0,1,0,0
19612,0.000151264,4,3,0
20552,1.15764e-07,2,1,0
20553,0,1,0,0
21032,0,1,0,0
23355,0.000481116,3,1,0
24454,0,1,0,0
25086,1.27341e-06,10,8,0
25180,0,1,0,0
25785,0,1,0,0
10539,0.00100218,2,2,0
1497,0.000481116,2,1,0
6724,0.00255024,6,3,0
16890,0,1,0,0
2630,0.000481116,2,1,0
7563,0.00285151,4,2,0
14403,0.00243466,92,98,1
17392,0,1,0,0
23503,0.00089006,6,2,0
2558,0,1,0,0
21910,0.00955046,98,107,1
18910,0,1,0,0
2511,0.000697579,4,2,0
10986,0,1,0,0
13318,0.0022228,3,4,0
14051,0.00198652,4,1,0
14414,0.000962001,2,2,0
22119,0.00354148,2,4,0
1006,0,1,0,0
4351,0.00780743,5,3,0
11372,0.00462299,14,7,0
16414,0.0075521,196,211,1
639,0.00071307,3,2,0
1941,0.000604221,3,1,0
5227,0,1,0,0
7015,0,1,0,0
9647,9.10271e-07,3,1,0
12852,0,1,0,0
15846,0.00221407,70,91,1
16333,0,1,0,0
16347,0.00138212,5,2,0
4576,0,1,0,0
6941,0.000944795,3,3,0
7206,0,1,0,0
7485,0,1,0,0
9389,0,2,1,0
9426,0.000962117,3,1,0
10246,0,1,0,0
11026,0.00156105,4,1,0
17953,0,1,0,0
18946,0,1,0,0
18983,0.000716044,3,2,0
19013,0,1,0,0
23458,0.000646951,3,1,0
23986,0.00287863,6,3,0
4697,0.00264728,3,2,0
3007,0,1,0,0
22082,0.00131469,3,3,0
25537,0.000481116,3,1,0
5695,0.00355433,163,177,1
574,0,1,0,0
6971,0.00122503,1,0,0
13282,0.000115149,2,1,0
15409,0,1,0,0
18745,0,1,0,0
18758,0,2,1,0
21497,0,1,0,0
22366,0.0087356,13,6,0
23714,0,1,0,0
1153,0,1,0,0
17501,0.005267,19,7,0
4183,0,1,0,0
6010,0,1,0,0
9862,0.00254351,6,2,0
12370,0,1,0,0
16834,0.000962001,2,2,0
16853,0,2,1,0
16899,0.00277994,2,1,0
21199,0,1,0,0
22299,3.45783e-06,3,1,0
22309,8.4806e-05,2,2,0
22620,0.00118226,1,0,0
20248,0.000481116,2,1,0
12679,0,1,0,0
573,0.000638292,3,2,0
1430,0,1,0,0
2072,0.00782447,14,5,0
4966,0,1,0,0
19493,7.05593e-05,2,1,0
22278,7.58275e-05,1,0,0
5769,0,1,0,0
10896,0,1,0,0
20915,0,1,0,0
22848,0.00192308,2,3,0
1347,0,1,0,0
4782,0,5,4,0
15582,0,3,2,0
17472,0,2,1,0
19707,0,4,3,0
21930,0,1,0,0
24835,0.000393559,8,5,0
24959,0,1,0,0
24009,0.00240486,9,4,0
283,0,1,0,0
1880,0,1,0,0
5505,0,1,0,0
15959,0.00395913,6,5,0
15961,0,1,0,0
24444,0,1,0,0
14316,0.000743959,2,1,0
14690,0.00293217,11,6,0
22254,0,1,0,0
749,0,1,0,0
1373,0.00309531,4,7,0
3607,0.000481116,2,1,0
7245,0.00144573,5,2,0
8031,3.22076e-05,2,1,0
15907,0,1,0,0
19164,0.000222798,1,0,0
302,0,1,0,0
2335,0,1,0,0
6702,0,1,0,0
11490,0.00144289,5,2,0
16108,0,2,1,0
17174,0,1,0,0
17924,0,1,0,0
3999,0,1,0,0
8211,0,1,0,0
12373,0,1,0,0
20059,0.00305844,3,1,0
2155,0.00562358,86,83,1
4283,0,1,0,0
6408,0.00321728,25,29,0
7715,0,1,0,0
8920,0,1,0,0
23256,0.000266079,2,1,0
2607,0.000264148,10,5,0
3450,0,1,0,0
4588,0.00131009,3,3,0
5130,0,1,0,0
5353,0,2,1,0
5835,0.00147073,8,8,0
9450,0.000214456,8,4,0
12165,0,1,0,0
12722,0.000850552,8,6,0
20003,0,1,0,0
20184,0,1,0,0
8376,0,1,0,0
8888,0,1,0,0
13067,0.000317497,4,5,0
4213,0.000962001,3,2,0
7045,0.0033976,9,6,0
11892,0,1,0,0
20645,0,1,0,0
23264,0,1,0,0
10600,0.00144289,6,2,0
13493,0,1,0,0
13496,0,1,0,0
18788,0.000406784,1,0,0
18791,0,1,0,0
23394,0.000481753,5,1,0
140,0.000864208,7,4,0
17304,0,1,0,0
18587,0,2,1,0
19404,0.00058513,4,2,0
22462,0.000499694,2,1,0
24122,0,1,0,0
1078,0.000178027,4,8,0
5164,0,1,0,0
9387,0,1,0,0
11640,0.000200419,1,0,0
12545,0.0231031,221,220,1
13371,0.000691313,2,9,0
17116,0.00216033,4,7,0
19741,0.00216033,3,6,0
22149,0,1,0,0
16331,0.000170352,2,1,0
19184,0,1,0,0
17843,5.1281e-05,2,1,0
1685,0.00211417,13,8,0
8134,0.000643103,5,3,0
12687,0.00576817,9,6,0
23409,0,1,0,0
1321,0.000532739,1,0,0
4433,0,1,0,0
5125,0.000283324,2,1,0
7625,0.000706422,10,7,0
10895,0.00287922,4,3,0
11899,0,1,0,0
13711,0.00170959,2,2,0
16162,0.00327571,7,9,0
16475,0,1,0,0
19167,0,1,0,0
19387,0.000481116,2,1,0
21089,0.00296546,97,95,1
21727,0,1,0,0
23863,0.000220485,1,0,0
25565,0.000965479,3,1,0
5060,0,1,0,0
20660,0.00116876,3,1,0
1608,0.000499926,1,0,0
20030,0.00078096,7,4,0
11447,0.00131635,3,2,0
834,0,2,1,0
2490,0.000476635,6,4,0
5570,0,1,0,0
15625,0,1,0,0
15917,9.14096e-05,1,0,0
18140,0.0128023,149,149,1
18790,0,1,0,0
24110,0.00175982,2,1,0
4466,0.000526191,3,3,0
8505,0,1,0,0
16357,0.000639866,14,10,0
20116,0.0015941,2,2,0
20148,0.00738132,7,6,0
22899,0.000186746,1,0,0
25710,0.000550745,1,0,0
4068,0.00258463,107,131,1
9517,0,1,0,0
11400,0.0120617,26,12,0
11630,0,1,0,0
11700,0,1,0,0
11733,0.00235591,10,4,0
11951,0.000139559,1,0,0
12268,3.59877e-07,2,1,0
14093,0.00250207,6,5,0
15685,0,1,0,0
16006,0.00324412,15,7,0
16495,0.000164622,3,3,0
17135,0,1,0,0
20169,0,2,1,0
22188,2.69794e-06,4,2,0
22189,0,1,0,0
22621,0,1,0,0
22811,0,1,0,0
22975,6.29143e-05,2,1,0
23110,1.53427e-05,4,3,0
23509,1.3586e-05,2,1,0
23552,0.00119715,22,14,0
23805,0.00512275,105,114,1
23806,0,1,0,0
25557,0.000962001,3,2,0
25562,2.40305e-05,3,2,0
7801,0.00270213,3,1,0
14089,0.00158143,4,3,0
14967,0.00211513,3,3,0
25215,0.00192354,4,2,0
11868,0.000231226,1,0,0
24023,0.000587895,4,4,0
2559,0,2,1,0
5543,0,1,0,0
5767,0.000937694,2,1,0
10931,0.00351899,10,7,0
24097,0.00767847,10,4,0
14952,0.00492085,130,119,1
16953,8.16928e-06,1,0,0
20191,2.32844e-05,2,1,0
25934,0.000481116,2,1,0
10467,0.000962001,3,2,0
13175,0,2,1,0
20892,0.00192342,4,3,0
21816,0,1,0,0
25209,0.000397131,6,3,0
14371,0,1,0,0
17443,0.000772939,5,2,0
141,0,2,1,0
8408,0.000654004,6,3,0
17286,0,1,0,0
25827,5.92806e-05,1,0,0
5246,0.000534246,2,1,0
10524,0,1,0,0
12337,0,1,0,0
15419,0,1,0,0
24,0.000481116,3,7,0
3858,0.00168107,4,8,0
15066,0.00592091,19,10,0
23161,0.00168107,2,6,0
25378,0.00688242,10,11,0
205,0.00225923,4,4,0
12389,0,1,0,0
15718,0,1,0,0
16506,0,1,0,0
21650,0.00176973,5,7,0
22502,0.000481116,2,1,0
482,0.00565137,10,3,0
3411,0,1,0,0
4428,0,1,0,0
5392,0.000354597,8,6,0
6317,0,1,0,0
7541,0.000354597,7,5,0
15664,0,2,1,0
16469,0.00297008,16,7,0
17665,0.000221185,3,4,0
20424,0,1,0,0
24734,0,1,0,0
8206,0,1,0,0
12865,0,1,0,0
13384,0.00566506,21,15,0
17688,8.04427e-05,1,0,0
3826,0,2,1,0
12369,0,1,0,0
13498,0,1,0,0
19111,0,1,0,0
22239,0,2,1,0
19084,0.0028838,4,3,0
23943,0,1,0,0
75,0,1,0,0
8807,0.000398836,2,4,0
22530,0,1,0,0
15353,0.000962117,4,1,0
3449,0,1,0,0
17950,0,1,0,0
18522,0,1,0,0
12135,0.00336411,6,3,0
2475,0,2,1,0
3209,0,2,1,0
15973,0,1,0,0
21928,0,1,0,0
24765,0.000962001,5,2,0
6219,0,1,0,0
18160,0,2,1,0
1833,0,2,1,0
8177,0.00336503,7,2,0
12107,0,1,0,0
4819,0.000481116,2,1,0
7863,0,2,1,0
8596,0,1,0,0
13635,0.00528255,4,3,0
17848,0,1,0,0
25152,0.000481116,2,1,0
25408,0.000962001,3,2,0
11891,0.000962117,4,2,0
20243,0.000962117,3,1,0
19233,5.78821e-08,3,1,0
733,0,1,0,0
20597,0,1,0,0
3171,0,1,0,0
19149,0,1,0,0
19340,0.00246173,22,18,0
7824,0.00168246,4,5,0
8815,0.000481116,2,1,0
12065,0.000240327,2,4,0
14558,0,1,0,0
15306,0,1,0,0
15400,0,1,0,0
22528,0,1,0,0
22832,0,1,0,0
10969,0,1,0,0
13321,0,1,0,0
16958,0,1,0,0
19109,0.000266183,3,2,0
23346,0,1,0,0
2848,0,1,0,0
4896,0.00643484,10,6,0
8666,0.00585241,11,9,0
10552,0,1,0,0
12884,0.00153941,6,2,0
18511,0.0019658,4,1,0
25988,0,1,0,0
22371,0,1,0,0
1058,0.00163466,4,2,0
2614,0,1,0,0
3730,7.51705e-05,1,0,0
7449,0.000863109,2,2,0
10801,0.00395802,118,117,1
14661,0.00352243,31,43,1
21321,0.000251531,3,2,0
22376,0,2,1,0
24295,0,1,0,0
5485,0.000481116,2,1,0
23870,0.000431255,5,3,0
6638,0.00240396,6,3,0
17754,0.000481116,2,1,0
25674,0,1,0,0
9273,9.9712e-05,1,0,0
9325,0.00103294,2,2,0
2783,0,1,0,0
9408,0,2,1,0
12927,0.011786,194,174,1
13310,0,1,0,0
6264,0.0158669,308,260,1
7204,0.000606228,3,2,0
12247,0.00096221,2,1,0
19433,0.00206477,8,7,0
18867,0,1,0,0
24943,0,1,0,0
731,0,1,0,0
17359,0.00275842,12,8,0
23558,0.00192308,2,4,0
6828,0,1,0,0
25319,0,1,0,0
3953,0.00288322,4,3,0
13196,0.00120642,3,5,0
15568,0.00144289,6,2,0
17163,0,2,1,0
22954,0,1,0,0
14606,0,1,0,0
22144,0.0122513,99,97,1
1840,0,3,2,0
4713,0,4,3,0
6824,0,2,1,0
12492,0,1,0,0
10478,0,1,0,0
16675,0,1,0,0
13859,0.00240384,8,3,0
4141,1.15764e-07,4,2,0
9267,0,2,1,0
11052,0.00450946,5,4,0
16091,0,1,0,0
17755,0,1,0,0
20053,0,1,0,0
22395,0,1,0,0
26168,0,2,1,0
8378,0,1,0,0
16607,0.000704461,3,1,0
5116,0.000560067,4,2,0
9629,0.00243,11,4,0
7087,0.00296792,6,1,0
9984,0,1,0,0
10153,0.000193073,1,0,0
10543,0.000500631,3,3,0
10967,0,1,0,0
16336,0,2,1,0
20435,0,1,0,0
20479,0,2,1,0
21433,0,1,0,0
25569,0.0022043,9,5,0
25783,0.00013739,5,2,0
7039,0,2,1,0
12166,0,1,0,0
14970,0,1,0,0
7277,0.00144098,7,6,0
16766,0,1,0,0
16770,0,1,0,0
16858,0,2,1,0
17113,0.0052665,114,113,1
17389,0,1,0,0
18408,0.0138409,9,7,0
19089,1.71717e-06,2,1,0
20033,1.10117e-05,3,5,0
23429,0.000926014,3,4,0
24578,0.000184767,2,1,0
4724,0.00066548,2,1,0
6904,0.000157273,1,0,0
7452,0,1,0,0
12491,0.0097916,10,3,0
13369,0.00338996,9,7,0
14346,0,1,0,0
18065,0.00154259,6,2,0
18271,0.00248174,67,72,1
19244,0,1,0,0
23989,0,1,0,0
10983,0.00480321,121,124,1
4642,0,1,0,0
16708,0.000381264,2,1,0
8231,0,1,0,0
9616,0.00133884,5,2,0
24149,0,1,0,0
1519,0,1,0,0
8768,0.00336236,183,192,1
9937,6.49851e-05,3,5,0
24270,0.000712373,3,4,0
25435,0.00192308,5,3,0
5181,0.00575811,4,4,0
6316,0,1,0,0
17235,0.000481116,2,1,0
2870,0.00213007,7,4,0
2536,0,1,0,0
9207,3.19342e-05,1,0,0
9732,8.01289e-05,3,3,0
12654,0.00271427,50,67,1
16041,0,2,1,0
22555,0.00480437,116,127,1
24753,0.00643661,144,142,1
25870,0,1,0,0
5830,0,1,0,0
10991,0,1,0,0
17306,0.000543259,2,1,0
19924,0,1,0,0
10923,0.0019225,6,4,0
11821,0,2,1,0
16013,0.000480537,3,3,0
21469,0,1,0,0
11944,0,1,0,0
16429,0.000786398,13,7,0
25784,0,1,0,0
21608,0.00250244,6,2,0
23092,0.000189431,1,0,0
25571,0,1,0,0
5444,0,1,0,0
11734,0,1,0,0
13931,5.78821e-08,3,1,0
21549,0,1,0,0
25615,0,1,0,0
8476,0,1,0,0
13388,0,1,0,0
12739,0.00155404,21,16,0
4847,0,2,1,0
10842,0,1,0,0
11293,0.00481376,12,4,0
25125,0.000659104,2,1,0
1672,4.0074e-05,3,2,0
8079,4.0074e-05,2,1,0
11461,0.00109106,5,3,0
16755,0,1,0,0
1711,0.00326916,6,4,0
3174,0,1,0,0
6726,0,1,0,0
6813,0.00101178,5,3,0
13703,0,1,0,0
20046,0.000450053,13,7,0
20854,0,1,0,0
5411,0,1,0,0
5503,0.00336434,4,3,0
10390,0,3,2,0
11186,0,2,1,0
7522,4.39829e-05,1,0,0
9944,0,1,0,0
17086,0.000481116,2,1,0
21341,0,1,0,0
16010,6.52322e-05,3,1,0
22696,0,1,0,0
25585,0,1,0,0
3526,0,2,1,0
15786,0,1,0,0
135,0.00263018,11,6,0
1776,0,1,0,0
4102,0.000361024,6,4,0
12311,2.1967e-05,1,0,0
12675,0.0015951,21,26,0
15816,0,2,1,0
19945,7.46346e-06,3,2,0
26176,1.97299e-05,2,2,0
1550,0,1,0,0
20952,0,2,1,0
24280,3.84489e-05,1,0,0
365,0,3,2,0
9511,0.000572431,4,5,0
14552,0,2,1,0
15585,0,1,0,0
16906,0.00108921,2,1,0
17187,0.00152027,1,0,0
18579,0.00270343,10,3,0
18736,0.00237365,6,4,0
19791,0.00106453,2,1,0
1229,0.00179099,2,1,0
1862,0,1,0,0
3194,0,1,0,0
3532,0,1,0,0
5400,0,1,0,0
7154,0.0118328,140,138,1
9946,0,1,0,0
10381,0.00182722,7,5,0
11107,0.00217823,4,4,0
17934,0,1,0,0
22721,0,1,0,0
24129,0,1,0,0
215,0,4,3,0
185,0,5,4,0
351,0,15,14,0
1074,0,6,5,0
1858,0,10,9,0
4512,0,11,10,0
6892,0,14,13,0
8280,0,1,0,0
14542,0,8,7,0
17751,0,16,15,0
18095,0,13,12,0
18143,0,9,8,0
18649,0,7,6,0
18943,0,3,2,0
19573,0,2,1,0
22601,0.00553045,36,18,0
22793,0,12,11,0
3877,0,11,10,0
4354,0,9,8,0
5412,0,12,11,0
6544,0,14,13,0
7357,0,10,9,0
7719,0,17,16,0
10477,0,7,6,0
11445,0,16,15,0
12788,0,1,0,0
18185,0,6,5,0
19246,0,13,12,0
19463,0,8,7,0
20780,0,5,4,0
21861,0,4,3,0
22284,0,2,1,0
22741,0,15,14,0
23514,0,3,2,0
18161,0,1,0,0
11093,0.000481116,2,1,0
165,0,1,0,0
293,0,1,0,0
3228,0.00205153,4,1,0
6556,0.000481116,3,1,0
17194,0.00144265,5,3,0
6524,0.00343823,6,4,0
22436,0,1,0,0
9504,0,2,1,0
5359,0.000481116,2,1,0
2915,0.000141225,1,0,0
10956,0.00195374,5,2,0
20089,0.00162441,2,1,0
25358,0,1,0,0
2350,0,2,1,0
2385,0,2,1,0
20783,0,1,0,0
25405,0,1,0,0
15209,0,1,0,0
15669,0,1,0,0
10807,0,1,0,0
21466,0.00157134,5,2,0
6832,0,1,0,0
19557,0,1,0,0
1090,9.40346e-05,4,2,0
3990,0,1,0,0
4635,0,1,0,0
4759,0,1,0,0
15166,0,2,1,0
24860,0.000526864,3,1,0
6375,0.000113391,3,1,0
10519,0,1,0,0
20230,0,1,0,0
4775,0,2,1,0
7095,0,1,0,0
9138,0,1,0,0
9432,0.000855904,6,4,0
20229,0,1,0,0
2926,5.18793e-05,1,0,0
22275,0.0016583,4,2,0
6023,0.00313411,81,101,1
13624,0.000900731,5,3,0
19682,0.000223698,1,0,0
17859,0.000481116,2,1,0
4023,0.000162102,3,2,0
11902,0.000962117,3,1,0
13647,0.000997818,4,3,0
19146,0,1,0,0
22699,0.00141872,2,1,0
23622,0,1,0,0
25057,0,1,0,0
11617,0,1,0,0
21029,0,1,0,0
12040,0.00153517,3,1,0
1217,0.0106649,237,230,1
269,0,1,0,0
1150,0,1,0,0
1611,0,1,0,0
2165,0.00449287,10,6,0
3944,1.21322e-05,2,1,0
5488,0.000481116,2,1,0
6033,0,1,0,0
8128,0.000502968,3,3,0
9974,0.000481116,3,1,0
12735,0.00159212,5,4,0
14430,0.0052039,12,7,0
19877,0.0028845,5,3,0
20495,0,1,0,0
21638,0,2,1,0
21708,0,1,0,0
22242,0.00150985,11,8,0
23233,0.000172067,4,2,0
24126,0.00108461,5,4,0
25648,7.66809e-05,4,2,0
3501,0.0110719,227,225,1
16278,0,1,0,0
24705,0.00026096,6,5,0
19355,0,1,0,0
22018,0.00156799,5,6,0
25660,0.000159114,2,1,0
3312,0,1,0,0
11493,0,2,1,0
11032,0.00192308,1,0,0
10719,0.00144265,5,3,0
2200,0.000241268,2,1,0
17729,0.000270221,1,0,0
20052,0.00257954,5,3,0
21830,0.00144265,2,3,0
379,0.000353219,1,0,0
6064,0.000137755,4,7,0
9439,0.000137755,5,8,0
10907,0,1,0,0
4638,0,1,0,0
23909,0,1,0,0
18237,0,1,0,0
19219,0.000142925,1,0,0
8630,0,1,0,0
16521,0.00101598,3,2,0
20517,5.39769e-05,1,0,0
26005,0,1,0,0
8774,0.00149837,5,2,0
5209,0.00512138,19,13,0
6943,0,2,1,0
22748,0,1,0,0
24057,0.0206735,237,226,1
25902,0.00224922,7,3,0
1014,0,2,1,0
12112,0,1,0,0
17440,0,2,1,0
19150,0,1,0,0
21027,0.000748086,1,0,0
8087,0.000203822,2,3,0
15523,0,2,1,0
17339,0,1,0,0
19711,0,1,0,0
20307,0,1,0,0
7829,0.000962117,3,1,0
5360,0,1,0,0
19544,0,1,0,0
715,0.00111225,3,2,0
16554,0,1,0,0
6095,0,2,1,0
7446,0.000481116,4,2,0
25236,0,1,0,0
2852,0,2,1,0
12599,0.000523568,6,3,0
25056,0.000619808,1,0,0
25721,0,1,0,0
11638,0,1,0,0
7246,0,2,1,0
17240,0,1,0,0
25091,0,1,0,0
13970,0,1,0,0
80,0,1,0,0
8742,0.000103409,3,1,0
23063,0,1,0,0
19903,0,1,0,0
25469,0.00122158,5,2,0
2851,0,1,0,0
11416,0.00154108,16,11,0
23751,0.000288378,1,0,0
8552,0.000564255,2,1,0
1595,0,1,0,0
1910,0,1,0,0
2293,0.000280756,2,1,0
4135,0.00107022,2,1,0
4554,0.000481116,2,1,0
9316,0,2,1,0
16498,0.000647297,3,2,0
17939,0,1,0,0
21587,0,1,0,0
24160,0,1,0,0
25354,0.000237577,3,1,0
8305,0,1,0,0
22771,0,1,0,0
1736,0.00116474,8,5,0
1914,0,1,0,0
7586,0,1,0,0
14424,0.000156158,4,2,0
19462,0.000156158,3,1,0
3654,0,1,0,0
11557,0.00637409,17,8,0
14154,0,1,0,0
15477,0.0104002,66,69,1
15882,0,1,0,0
281,0.00174169,7,3,0
5241,0,1,0,0
9471,0.00965635,23,14,0
20765,0.0147552,16,6,0
3948,0,1,0,0
4013,0.00381219,9,6,0
25516,0.00206289,69,65,1
25684,0.000790475,1,0,0
546,0.000481116,2,1,0
8641,0.000721327,5,2,0
19922,0.000721327,4,1,0
887,0,1,0,0
3721,0,1,0,0
9634,5.78821e-08,3,1,0
14781,0,1,0,0
18972,0,1,0,0
25321,0,1,0,0
8074,0.00256064,2,1,0
13164,0.00134335,32,40,0
14541,0,1,0,0
15127,0,2,1,0
18524,0,1,0,0
16230,0,1,0,0
20702,0.000481116,2,1,0
25225,0.00210635,2,2,0
70,0,1,0,0
4727,0.000962117,4,1,0
15559,0.00288415,5,2,0
123,0,1,0,0
23240,0,1,0,0
3980,0,2,1,0
16962,0,1,0,0
3821,0,1,0,0
17991,0,1,0,0
3875,0,1,0,0
2080,0.000481116,2,1,0
4069,0,1,0,0
5385,0.00767155,13,9,0
1968,0,1,0,0
9082,0.00271035,3,1,0
9306,0.00501681,9,3,0
15942,0,1,0,0
1588,0.0119261,46,54,1
2805,0,1,0,0
8063,0.00245557,7,7,0
9419,0,1,0,0
5827,0,1,0,0
6351,0,1,0,0
6527,0,1,0,0
10881,0,1,0,0
5367,0,1,0,0
14983,0,3,2,0
19144,0,2,1,0
24183,0.000889491,4,2,0
2184,0,1,0,0
3193,0.000940198,49,59,1
4371,0.000775757,3,1,0
15998,0.000872102,7,4,0
23866,0,1,0,0
26004,0.000754318,5,3,0
11822,0,1,0,0
21016,0,1,0,0
21169,0,1,0,0
2936,0,1,0,0
10354,0,1,0,0
18905,0,1,0,0
21563,0,2,1,0
15198,0,1,0,0
18067,0,1,0,0
18297,0.00158658,4,2,0
19781,0.00250449,14,8,0
10186,0,1,0,0
1327,0,1,0,0
6738,0,1,0,0
10825,0,1,0,0
25863,0,1,0,0
4382,0,1,0,0
2789,0.000898646,3,1,0
6641,0,1,0,0
15920,0,1,0,0
18233,1.40958e-05,1,0,0
24582,0,1,0,0
24583,0,1,0,0
6583,0.0110071,29,23,0
15960,0,1,0,0
15974,0,1,0,0
17564,0,1,0,0
18782,0.000327442,3,2,0
23883,0.000159347,3,1,0
14033,0.0012481,3,2,0
25383,0,1,0,0
22197,0.000271225,2,2,0
9255,0.000152933,2,1,0
20065,0,1,0,0
22917,0.00489848,78,96,1
23910,0,1,0,0
25572,0,1,0,0
25582,0.00288415,7,4,0
193,0,2,1,0
9993,0.000203435,1,0,0
10819,0,1,0,0
11231,0.00386817,4,3,0
12149,0,1,0,0
20129,0.00089987,5,1,0
23114,0.00678399,13,9,0
4878,0,1,0,0
5184,0,1,0,0
8643,0,3,2,0
11967,0.000962001,4,2,0
21779,0,2,1,0
24503,0,2,1,0
24942,0,1,0,0
11442,0.000600242,5,5,0
13651,0,1,0,0
81,0,1,0,0
1029,0,1,0,0
3819,0,1,0,0
869,0,1,0,0
3618,0.00297933,15,24,0
14709,3.80056e-05,3,2,0
122,0.00182245,7,4,0
6530,0,2,1,0
6707,0,1,0,0
6911,0,1,0,0
15479,0,1,0,0
3524,0.000481116,2,1,0
19927,0.000598803,2,2,0
19350,0.000962117,3,1,0
25959,0,1,0,0
7281,0,1,0,0
25597,0,1,0,0
727,0.00283129,4,5,0
8471,0.00885591,111,116,1
16649,0,1,0,0
18331,0.00499979,33,41,1
19469,0,1,0,0
1105,0,1,0,0
14985,0,1,0,0
17911,0.00390806,22,28,0
26127,0.00145801,15,27,0
20215,0,2,1,0
21333,0,1,0,0
18625,0,1,0,0
7584,0.000481116,2,1,0
12049,0,1,0,0
12763,0,1,0,0
17382,0,2,1,0
408,0.000481116,2,1,0
13834,0,1,0,0
17149,0.00528394,5,4,0
23267,0,1,0,0
5843,0.000481116,3,1,0
11213,0.00144289,3,2,0
25877,0,1,0,0
5361,0,1,0,0
18097,0,1,0,0
272,2.31528e-08,5,3,0
2912,0.00752043,14,4,0
11811,2.31528e-08,4,2,0
11840,2.31528e-08,3,1,0
19012,0,1,0,0
20305,0,1,0,0
4483,0.000105769,5,2,0
6175,0,1,0,0
6266,0,1,0,0
8215,0,1,0,0
8310,0,1,0,0
21401,0.00144265,4,3,0
4673,0.00434067,12,9,0
7475,0.000362445,2,1,0
11426,0.000962117,3,1,0
23673,0,1,0,0
26088,0.00144801,4,2,0
2797,0.00367482,8,5,0
9314,0,1,0,0
12291,0,1,0,0
12639,0,1,0,0
13292,0,1,0,0
13320,0,1,0,0
12664,0.000481116,2,1,0
1109,0,2,1,0
9126,0,2,1,0
10655,0,1,0,0
11610,0,1,0,0
12742,0.000464234,3,2,0
18445,0,1,0,0
4052,0,1,0,0
195,0,1,0,0
17208,0,2,1,0
19168,0,1,0,0
20119,0.000368424,3,1,0
21929,0,1,0,0
17589,0,1,0,0
6533,0,2,1,0
8155,7.93885e-05,3,2,0
14165,0.00183771,7,4,0
24204,0,1,0,0
25911,0,1,0,0
24506,2.1806e-06,2,1,0
24595,0,1,0,0
9483,0,1,0,0
25250,0.00122734,7,4,0
1258,0.000337822,2,1,0
12032,0.000393997,3,2,0
12797,0,1,0,0
21584,0,1,0,0
6434,0.00108462,3,2,0
21162,0.000927432,2,3,0
10879,0,3,2,0
11925,0,1,0,0
15082,0,2,1,0
18595,0.000476661,1,0,0
8787,0,1,0,0
11979,0.000165963,1,0,0
16274,6.8972e-05,1,0,0
22722,0,1,0,0
183,0,1,0,0
3982,0,1,0,0
9090,0.00402575,9,5,0
17543,0.000794785,2,1,0
18723,0.000481116,3,1,0
21090,0,1,0,0
24589,0.000136322,1,0,0
23145,7.35894e-05,1,0,0
7573,0,1,0,0
8193,0,1,0,0
16576,0,1,0,0
16889,0,1,0,0
18521,0.0001723,2,1,0
21391,0,1,0,0
244,0.000339339,5,2,0
1353,2.05221e-05,2,1,0
3286,0,1,0,0
4765,0.000996415,5,3,0
16900,0,2,1,0
18030,0.00168935,9,4,0
22246,0,1,0,0
3752,0,2,1,0
4650,0.000550481,1,0,0
15971,0.0019656,3,1,0
24174,0,1,0,0
16765,0.00157425,3,2,0
17017,0,1,0,0
17161,0,1,0,0
8925,0.000481116,2,1,0
16505,0.00288334,4,3,0
20255,0,1,0,0
21450,0.000962117,5,2,0
3743,0.00501179,63,62,1
839,0,1,0,0
2394,0.00203967,2,1,0
5848,0.00173983,2,1,0
7098,0.000601689,2,4,0
12642,0,1,0,0
21184,0.00384245,2,3,0
23149,0.00012449,1,0,0
4442,0.00234051,6,2,0
7935,7.52053e-05,2,1,0
25896,0.00216883,5,3,0
12406,0.00107648,10,5,0
16485,0,1,0,0
3034,0,1,0,0
6156,0,1,0,0
18381,0,2,1,0
19686,0,2,1,0
20335,0,1,0,0
22523,0.00136282,69,80,1
2451,0,1,0,0
2341,0,1,0,0
3508,0,1,0,0
12641,0,1,0,0
13068,0,1,0,0
23723,0.000424061,4,3,0
9713,0,1,0,0
1963,0,1,0,0
4302,0,1,0,0
8475,0,3,2,0
19022,0.00129337,4,3,0
26181,0,2,1,0
364,0.000209579,4,6,0
396,0.00119776,4,5,0
13616,0,1,0,0
15214,2.99673e-05,1,0,0
23266,0,1,0,0
21927,0.00144265,5,3,0
6626,0,3,2,0
10805,0,2,1,0
25069,0.00192308,1,0,0
25628,0,1,0,0
2239,0.00260479,4,4,0
10652,0.000578108,5,4,0
17984,0.000416224,8,4,0
22147,0.00069732,2,1,0
22979,2.3355e-05,1,0,0
24592,0,1,0,0
2877,2.66571e-05,2,1,0
3876,0,1,0,0
7481,6.21484e-05,1,0,0
9338,0,1,0,0
12611,0.000459184,4,2,0
12861,0,2,1,0
15175,0,1,0,0
22493,0.00282099,5,2,0
4301,0,1,0,0
16265,0,1,0,0
21614,0,1,0,0
7578,0.000364376,3,4,0
14834,0.00597788,148,144,1
15821,0.000481116,2,1,0
22100,0.00393141,72,70,1
11607,0,2,1,0
19351,0,1,0,0
2563,0,1,0,0
8437,0,2,1,0
12071,0,1,0,0
2770,0.000153945,2,1,0
6806,0,1,0,0
11806,0.000962001,2,2,0
8678,0.000481116,2,1,0
8301,0,1,0,0
267,5.78821e-08,2,1,0
24240,0.00121053,7,3,0
6632,0,1,0,0
8386,2.70117e-07,3,1,0
12187,0.00537034,12,6,0
13153,0.000240249,2,2,0
14345,0,1,0,0
10081,0.00192342,5,3,0
3185,0,1,0,0
13291,0,3,2,0
20547,0,2,1,0
20792,0,1,0,0
7885,0.000481116,2,1,0
19551,0.000962001,3,2,0
22190,0,1,0,0
9758,0.000481116,2,1,0
17006,0.00240327,4,3,0
1859,0,1,0,0
4298,0.000962059,4,2,0
15192,0,1,0,0
17274,0,1,0,0
18941,0,1,0,0
20902,0.000549174,2,1,0
21798,0.000870856,6,4,0
3631,0,1,0,0
23901,0,1,0,0
13702,0.000564578,5,4,0
14667,0.00142277,5,5,0
17874,0.000998582,54,58,1
18152,0,1,0,0
19978,0,1,0,0
199,0,1,0,0
16935,0.000168379,2,2,0
6482,0.00422397,13,8,0
24148,0.000186559,1,0,0
11629,1.90611e-05,2,1,0
17099,0,1,0,0
11325,0.000613049,3,4,0
11318,0.00189997,15,8,0
12720,0.00226562,19,11,0
25729,0.00109584,2,3,0
12743,0,1,0,0
21712,0,2,1,0
950,0.00102526,5,6,0
1265,2.45612e-05,8,6,0
1839,0,5,4,0
3063,0,1,0,0
3502,0,4,3,0
4446,0,1,0,0
5639,6.27494e-05,4,3,0
6009,0,3,2,0
6896,0,2,1,0
9736,0,1,0,0
9980,0,1,0,0
13470,0,1,0,0
15126,0,2,1,0
16881,0,3,2,0
17828,0,1,0,0
17875,0,2,1,0
18210,0,2,1,0
19140,0.00207321,6,2,0
19316,0,2,1,0
23095,0,1,0,0
23864,0,6,5,0
25910,8.17506e-05,10,7,0
25917,0,3,2,0
14286,0.000334853,2,2,0
17131,0.000156384,1,0,0
20940,0.00214954,6,2,0
6039,0,1,0,0
6176,0,1,0,0
6303,3.14128e-05,1,0,0
15161,0,1,0,0
20949,5.78821e-08,3,1,0
22879,0.0030843,5,5,0
18215,0.00370248,13,6,0
19051,0,1,0,0
21125,0.0050406,133,122,1
1098,0,1,0,0
16107,0,1,0,0
26171,0,1,0,0
8150,0,1,0,0
13501,0,1,0,0
16216,0,1,0,0
4781,0.000106902,1,0,0
6081,0,1,0,0
6919,0,1,0,0
19358,0,2,1,0
23616,0,1,0,0
4756,0,1,0,0
5497,0,1,0,0
8298,0.00261009,4,2,0
12709,0,1,0,0
18443,0.000962117,3,1,0
18658,0,1,0,0
18667,0.000962001,3,2,0
26157,0,2,1,0
450,0,1,0,0
11284,0.0024855,2,6,0
11910,7.49924e-05,1,0,0
23477,0,1,0,0
11923,0,1,0,0
4293,0.000286302,3,3,0
20616,0,1,0,0
11602,0.000389683,2,1,0
5636,0,1,0,0
17988,0,1,0,0
2883,0,2,1,0
4015,0,1,0,0
25189,0.000481116,2,1,0
2055,0,1,0,0
2560,0,4,3,0
4146,0.000148326,7,4,0
10926,0,3,2,0
12553,0,1,0,0
18668,0,2,1,0
15495,0.00168026,3,4,0
9264,0.00575811,5,6,0
12614,0,1,0,0
24970,0.00264226,6,5,0
10640,0,1,0,0
15247,0,2,1,0
17426,0,1,0,0
3037,8.31496e-05,1,0,0
9712,5.78395e-05,1,0,0
10726,0.00166644,8,7,0
16482,0.00275876,8,5,0
17990,0.000432494,2,1,0
23151,0.00204108,8,6,0
5477,0.000481116,2,1,0
13497,0,1,0,0
14496,0.000962001,2,2,0
19457,0,1,0,0
5529,0.00144265,4,3,0
5655,0.000965354,8,8,0
2771,0,1,0,0
5417,0,1,0,0
13352,0.00278883,13,10,0
13619,0.000636567,4,6,0
18585,0.000636567,3,5,0
20513,0,2,1,0
4117,0,1,0,0
16471,0,2,1,0
17944,3.4355e-05,2,1,0
20884,0,1,0,0
200,0,3,2,0
492,0,6,5,0
4422,0.000983621,4,3,0
6708,0,7,6,0
7013,0.00245874,15,13,0
8151,0,9,8,0
9020,0,4,3,0
9021,0,10,9,0
9208,0,11,10,0
9722,0,2,1,0
16719,0,2,1,0
16882,0,12,11,0
17016,0,1,0,0
17022,0,5,4,0
19586,0,13,12,0
19678,0,8,7,0
24861,0,1,0,0
12701,0,1,0,0
18879,0,2,1,0
11841,0,1,0,0
20550,0,1,0,0
4211,0.000693337,6,2,0
7104,0,1,0,0
11670,0.000551211,6,3,0
11876,0.000108448,3,1,0
17808,0,1,0,0
24121,1.12085e-05,1,0,0
25962,0,1,0,0
21195,0,1,0,0
15171,0,3,2,0
15305,0.00192308,5,4,0
17864,0,2,1,0
23417,0,4,3,0
4139,0,2,1,0
5698,0,1,0,0
9659,0.000390488,3,1,0
10496,0.000384962,3,2,0
11713,0,1,0,0
20002,0,1,0,0
25598,0,1,0,0
25607,0.00210197,6,3,0
25661,0,1,0,0
4138,3.74518e-05,1,0,0
11328,0.000292072,2,1,0
21131,0,1,0,0
23859,0,1,0,0
21546,0,1,0,0
12868,0,1,0,0
17180,0,1,0,0
17738,0.0102651,4,4,0
18154,0,1,0,0
16213,0,1,0,0
20383,6.81522e-05,3,2,0
24870,7.72727e-05,2,1,0
6703,0,1,0,0
12803,0,1,0,0
13999,0.000422412,5,4,0
15596,0,1,0,0
17592,0,1,0,0
18920,0.00274197,5,5,0
15657,0,1,0,0
10878,0.000499518,4,2,0
26020,0,1,0,0
11034,0,2,1,0
18764,0,3,2,0
22433,0,1,0,0
9093,0,1,0,0
13680,0,1,0,0
13346,0.00851366,13,8,0
6183,0.0024033,5,4,0
369,0.000160353,4,2,0
7727,0,1,0,0
16433,0.000160353,5,3,0
16570,0.000160256,2,1,0
5601,0.000481116,2,1,0
7645,0.00164487,6,4,0
1822,0,1,0,0
6503,0.00336469,5,2,0
3773,0,1,0,0
12887,0,1,0,0
21695,0.001443,4,1,0
1594,0.00188234,3,3,0
4774,0,1,0,0
5673,0,2,1,0
15382,0.000229607,1,0,0
16717,0.000451151,6,3,0
19603,0,3,2,0
15172,0,1,0,0
5078,0.00477785,8,4,0
25172,0.00435343,7,7,0
21864,1.28498e-06,2,1,0
4284,0,1,0,0
9643,6.13935e-05,2,2,0
13837,0,2,1,0
15194,0,1,0,0
15623,0,1,0,0
17250,0,1,0,0
23470,0.000250813,3,1,0
25094,0,2,1,0
26067,0,2,1,0
6056,0.00165743,5,2,0
17289,0,1,0,0
23051,0.00191933,11,11,0
8823,0.00203523,24,13,0
9194,0.000227525,2,1,0
6635,0.000791736,1,0,0
9216,0,2,1,0
19019,0,1,0,0
22507,0,1,0,0
5519,0.00172509,5,2,0
5730,0,1,0,0
11047,0.000962117,3,1,0
15252,0,1,0,0
21289,0,1,0,0
26167,0,1,0,0
25112,0,1,0,0
13389,0,1,0,0
6185,0,1,0,0
23224,0.00079086,2,1,0
24412,0.00387279,9,3,0
5363,0.000481116,4,2,0
253,0,1,0,0
4634,0,2,1,0
17122,0,1,0,0
21051,0.00192308,4,3,0
1125,0,1,0,0
8055,0,2,1,0
8526,0.0002405,3,2,0
9486,0,1,0,0
11537,0.00384441,3,2,0
12453,0.00662735,149,155,1
18880,0,1,0,0
18909,0,1,0,0
19962,0,1,0,0
23476,0.0002405,2,1,0
19078,7.79408e-05,1,0,0
20427,0.000177013,2,1,0
8520,0,1,0,0
16177,0.000105304,2,1,0
21100,0.000510736,4,2,0
21156,1.42356e-05,2,1,0
9125,0,1,0,0
15943,0,2,1,0
15626,0,1,0,0
1093,0,2,1,0
3059,0,1,0,0
9649,3.12367e-05,2,1,0
10251,2.54706e-05,4,2,0
25903,0,1,0,0
4143,6.91647e-05,5,3,0
6808,0,3,2,0
7802,0,2,1,0
17127,0,2,1,0
20554,0,1,0,0
21777,0,1,0,0
22108,1.73646e-07,5,3,0
23555,0,1,0,0
25718,0,1,0,0
4247,0,1,0,0
4250,0,2,1,0
8726,0,1,0,0
9491,5.73846e-05,1,0,0
11379,0.000626858,5,3,0
11405,0,1,0,0
15196,0,2,1,0
15938,2.20545e-05,1,0,0
17126,0,1,0,0
17764,0.000154992,5,4,0
232,0,1,0,0
1075,0,1,0,0
8737,0,1,0,0
13481,0,1,0,0
13862,0,1,0,0
16742,0,1,0,0
24402,0.000962001,4,2,0
128,0.000114086,5,4,0
4353,0.000801459,4,4,0
6558,0,1,0,0
6920,0,2,1,0
14865,0,2,1,0
15941,0.00192308,4,3,0
16877,0,1,0,0
10000,0,1,0,0
17337,0.000368068,1,0,0
21634,0,1,0,0
851,0.00220534,5,3,0
2713,0,1,0,0
13199,0.00148493,3,2,0
16837,0,1,0,0
18032,0,1,0,0
19568,7.90731e-05,2,1,0
20004,0,1,0,0
1341,0.000730784,1,0,0
1408,0,1,0,0
4273,0,1,0,0
5259,0.000128448,2,1,0
7355,0.000271641,5,2,0
9143,0.000383233,3,3,0
14357,7.39218e-06,2,1,0
16332,0,1,0,0
19940,0,1,0,0
853,0.000470189,3,1,0
8441,0,1,0,0
16070,0,1,0,0
16087,0,1,0,0
17231,0,1,0,0
19434,0,1,0,0
23944,0,1,0,0
24499,0,1,0,0
10062,0.000954976,7,4,0
23681,0.000321939,10,8,0
23727,0,1,0,0
2169,0.00122162,3,5,0
5938,0,1,0,0
16084,0,1,0,0
18724,0,2,1,0
18739,0.000420075,1,0,0
19581,0,1,0,0
20954,0,1,0,0
23991,0,1,0,0
6629,0,1,0,0
8786,0.00106116,6,3,0
14078,0.0002518,3,1,0
22088,0,1,0,0
22224,0.00192365,5,2,0
4641,0,1,0,0
17937,0,2,1,0
21660,0,1,0,0
12056,0,1,0,0
2761,0.000682348,1,0,0
14647,0,1,0,0
4269,0,1,0,0
26159,0,2,1,0
3066,0.00140819,3,1,0
5434,7.579e-06,1,0,0
7991,0,1,0,0
8116,0.0112804,24,35,0
11609,0.00124833,7,4,0
15384,0,1,0,0
16946,0,1,0,0
17612,0.00466895,8,3,0
15528,0.000962001,4,2,0
163,0,1,0,0
3825,0,2,1,0
20893,0,1,0,0
10910,0,1,0,0
25777,0.00124248,20,36,0
2143,0,1,0,0
12118,0.000438178,15,7,0
15329,0,1,0,0
17599,0,1,0,0
19442,0.000411912,1,0,0
12419,0.0002405,2,1,0
3507,0.0002405,3,2,0
11626,0,1,0,0
19313,0.000481116,2,1,0
21755,0,1,0,0
19356,0,1,0,0
5255,0,1,0,0
8864,0,1,0,0
16131,0,4,3,0
16235,0,2,1,0
16280,0,3,2,0
17137,0,2,1,0
23810,0,1,0,0
1728,0,4,3,0
5656,0,1,0,0
6082,0,1,0,0
18488,0,3,2,0
22610,0,2,1,0
6390,0,1,0,0
5731,0,1,0,0
6280,0.00155774,5,2,0
1499,0,2,1,0
20261,0,1,0,0
24002,0,1,0,0
23653,0,1,0,0
5225,0.00432484,6,3,0
3849,0.000962117,3,1,0
7010,0.000481116,3,1,0
7506,0.0002405,3,2,0
9312,0.0002405,2,1,0
20781,0,1,0,0
8728,0,1,0,0
11227,0.000257802,1,0,0
5862,0.00103843,4,4,0
7959,0,1,0,0
17569,0,1,0,0
18973,0,1,0,0
19207,0,2,1,0
19580,0.000481116,4,2,0
3988,0,1,0,0
16348,0,1,0,0
1008,0,5,4,0
2185,0,3,2,0
8369,0,2,1,0
11824,0,4,3,0
12066,0,1,0,0
16888,0,1,0,0
20808,0,6,5,0
21815,0,2,1,0
1985,0.000481116,2,1,0
9763,0.000325405,3,2,0
21657,0,1,0,0
16225,0,1,0,0
21404,0.00144265,2,3,0
26058,0.00144265,5,3,0
9893,0,1,0,0
20526,0.000481116,2,1,0
5202,0.000962001,3,2,0
17800,0.00293108,2,1,0
21995,0,1,0,0
3188,0,1,0,0
3136,0.000481116,2,1,0
9248,0.000846924,3,3,0
11108,0,1,0,0
13966,0.00378511,8,8,0
4189,0.000481116,2,1,0
16234,0,1,0,0
17251,0,1,0,0
18373,0.000962001,4,2,0
20557,0,1,0,0
19871,0,1,0,0
25526,0,2,1,0
23786,0,1,0,0
25534,0,2,1,0
11631,0,1,0,0
11861,0.0058934,17,7,0
18580,0,1,0,0
18623,0,1,0,0
20217,0,1,0,0
25436,0,2,1,0
21588,0,1,0,0
17797,0,1,0,0
1667,0.000969914,6,4,0
4258,1.15764e-07,6,4,0
5608,0,1,0,0
5771,0,3,2,0
6675,0.000962232,10,6,0
7386,0,1,0,0
16264,0,4,3,0
17401,0,1,0,0
18741,0,2,1,0
19895,0.00270799,2,1,0
20315,0.00148705,2,1,0
23741,0.000960645,2,3,0
25107,0.000962117,9,5,0
25439,0,1,0,0
9986,0,1,0,0
11719,0,1,0,0
4467,0,1,0,0
21658,0,1,0,0
23490,0.000481116,2,1,0
6810,0,2,1,0
13636,0,1,0,0
16696,0,1,0,0
17739,0,1,0,0
19605,0,1,0,0
5838,0.000114935,1,0,0
11572,1.12589e-05,1,0,0
21630,0,1,0,0
6073,0,1,0,0
9391,0,1,0,0
2059,0,1,0,0
11746,0.00212482,5,2,0
21800,0,1,0,0
22372,0,1,0,0
6465,0.000114338,2,1,0
11563,0,1,0,0
15891,0.000114338,3,2,0
17385,0.00329874,17,12,0
1599,0,1,0,0
5812,0.000283971,5,2,0
17248,0.00109439,1,0,0
20618,0.000481116,2,1,0
20853,0,1,0,0
9392,0,1,0,0
24252,0,1,0,0
13422,0.00480271,7,4,0
16349,0,1,0,0
11939,0.00111697,3,3,0
17191,0,1,0,0
1350,0,1,0,0
1023,0.00501678,263,250,1
1675,0,1,0,0
2512,0,1,0,0
3058,0,1,0,0
11815,0,2,1,0
20924,0.00256503,7,4,0
23420,0,1,0,0
19464,0,2,1,0
23968,0,1,0,0
9597,0,1,0,0
11820,0,1,0,0
17019,0,2,1,0
17121,0,1,0,0
7811,0.00015641,2,1,0
22269,0.00280805,2,1,0
25272,0,1,0,0
1787,0.000962001,3,2,0
1279,0,1,0,0
14550,0,2,1,0
15258,1.84939e-05,6,3,0
7071,0,1,0,0
8195,0.000962001,3,2,0
15951,0.000962001,4,2,0
400,0,1,0,0
4379,2.62969e-05,2,1,0
6541,0,2,1,0
6905,0,1,0,0
8216,0,1,0,0
14498,0,1,0,0
17502,0,2,1,0
17740,0,1,0,0
5408,0,1,0,0
19609,0,2,1,0
11066,0.000618695,2,1,0
2340,0,1,0,0
2443,0.00198102,8,3,0
6918,0,1,0,0
7650,0.018592,40,34,0
8184,0,1,0,0
8625,4.88945e-05,3,1,0
14369,0.00017632,5,2,0
15395,0.00293418,11,6,0
17583,0,1,0,0
25977,0,1,0,0
18684,0.000481116,2,1,0
19501,9.00977e-05,3,2,0
20942,0,1,0,0
2182,0.000315376,2,1,0
3553,0,1,0,0
15571,0.000293301,7,5,0
10918,3.85787e-05,2,1,0
20253,0,1,0,0
3955,0,1,0,0
10532,0.00162056,10,7,0
7524,0,3,2,0
8721,0.000267074,5,4,0
15005,0.000267074,6,5,0
15372,0.00114681,9,6,0
16022,0.000267074,4,3,0
18685,0,2,1,0
22083,0,1,0,0
22105,0.000122023,1,0,0
11522,1.15764e-07,3,2,0
8857,0.000240384,3,3,0
12235,0.00120204,6,4,0
22129,0,2,1,0
25387,0,1,0,0
2826,0.00288322,4,5,0
23216,0,1,0,0
1073,0.000962117,3,1,0
18399,0,1,0,0
4289,0,1,0,0
9135,0,1,0,0
12160,0,2,1,0
19809,0,1,0,0
4027,0,1,0,0
7450,0,1,0,0
836,0,1,0,0
16747,0.000962001,4,2,0
18193,0.00103804,3,2,0
9095,0,1,0,0
12043,0,1,0,0
18742,0,1,0,0
22890,0.000481116,3,1,0
26044,0,1,0,0
8876,0.000481319,2,1,0
10990,0,1,0,0
4255,0,1,0,0
4771,0.000118027,4,2,0
5251,0.000118027,3,1,0
18256,0.000837334,9,5,0
18337,0.000837334,8,4,0
20236,0.000481116,2,1,0
124,0,1,0,0
14319,0,1,0,0
15663,0,1,0,0
16937,0,2,1,0
18052,0,1,0,0
20258,0,1,0,0
9151,0,1,0,0
25856,0,1,0,0
2047,0,1,0,0
3632,0,3,2,0
15383,0,2,1,0
24385,0.000560637,9,3,0
3716,0.00349297,28,37,1
8391,2.36872e-06,1,0,0
14497,0,1,0,0
24101,4.86417e-05,2,1,0
2388,0,2,1,0
16955,0,1,0,0
12981,0,1,0,0
19642,0,1,0,0
7592,0.000481116,2,1,0
8179,0,1,0,0
7579,0,1,0,0
21653,0.000222875,1,0,0
5542,0,1,0,0
4080,7.60587e-05,2,1,0
14747,0,1,0,0
17463,0,1,0,0
19324,7.60587e-05,3,2,0
20567,0.00513314,8,4,0
21550,0,4,3,0
24220,0,3,2,0
25179,0,1,0,0
25553,0,2,1,0
25554,0,1,0,0
11468,0,1,0,0
11470,0,1,0,0
17804,5.78821e-08,3,1,0
17294,0,1,0,0
2309,0,2,1,0
6532,0,1,0,0
8553,0,1,0,0
939,0,1,0,0
1834,0,2,1,0
5056,0,1,0,0
13664,0.000962001,5,2,0
14037,0,1,0,0
16940,0,2,1,0
19613,0,1,0,0
16335,0,1,0,0
6913,0,1,0,0
3594,0,2,1,0
10024,1.02978e-05,1,0,0
23713,0,1,0,0
10376,6.68876e-05,2,1,0
15325,2.55997e-07,1,0,0
20344,0,1,0,0
2001,0,1,0,0
3633,0,1,0,0
23064,0,1,0,0
12712,0.000481116,2,1,0
14324,0.000481116,2,1,0
21409,2.3817e-05,5,5,0
17124,2.55077e-05,3,1,0
25719,0,1,0,0
8261,7.80726e-05,15,10,0
11464,3.19277e-05,9,8,0
17997,3.19277e-05,10,9,0
20662,0,2,1,0
22837,0,1,0,0
2316,0.000481116,2,1,0
11929,0,1,0,0
2532,0,1,0,0
14067,0.0018892,18,15,0
20086,0.000481116,2,1,0
21772,0,1,0,0
15715,0,1,0,0
6506,0.00109473,3,3,0
9037,0.00329479,11,5,0
13483,0,1,0,0
14711,0,1,0,0
23623,0,1,0,0
23686,0,1,0,0
864,0,1,0,0
1311,0,1,0,0
3983,0,2,1,0
26013,0.00043567,2,1,0
18379,0,1,0,0
18217,0.000172695,3,1,0
26173,0,1,0,0
21297,0.000481116,2,1,0
18447,0,1,0,0
21165,0,1,0,0
4988,0,1,0,0
17125,0,2,1,0
9913,0.000135551,1,0,0
22382,0,1,0,0
17884,0,2,1,0
20538,0,1,0,0
24032,0,1,0,0
2009,5.04605e-05,4,2,0
7309,0,1,0,0
8156,0,1,0,0
8403,2.52013e-05,2,1,0
16011,0,1,0,0
22929,0,1,0,0
22993,0,1,0,0
8732,0,2,1,0
10022,0.00240327,3,4,0
14932,7.37867e-05,3,2,0
16659,0,3,2,0
22377,0,1,0,0
22806,0.00048129,4,1,0
14809,0,1,0,0
22953,0,1,0,0
23950,0,1,0,0
18489,0,1,0,0
95,0.000481116,2,1,0
15524,0,1,0,0
3291,9.67502e-06,1,0,0
12696,0,1,0,0
14869,0,1,0,0
6190,0,4,3,0
10656,0,2,1,0
11002,0,1,0,0
11403,0,3,2,0
20106,0,1,0,0
24060,3.39816e-05,1,0,0
25610,0,1,0,0
22693,0,2,1,0
23920,0,1,0,0
4458,0.000136992,7,3,0
5547,0,3,2,0
5659,0,2,1,0
7883,0,2,1,0
8387,0,1,0,0
12313,0,1,0,0
15160,0,3,2,0
19325,0,2,1,0
21205,0,1,0,0
22831,0,1,0,0
15191,0,1,0,0
9441,0,1,0,0
10388,0.000481116,2,1,0
8222,0.000171033,2,1,0
21495,0.000586935,3,2,0
6807,0,1,0,0
2075,0,3,2,0
3873,0,1,0,0
4182,0,2,1,0
10439,0,1,0,0
14619,0,1,0,0
2044,0,2,1,0
4490,0,1,0,0
17001,0.000227214,5,3,0
18013,0.000227214,4,2,0
9147,0,1,0,0
24398,0.000565841,2,1,0
5216,5.74235e-06,2,1,0
17290,0,1,0,0
20155,0,1,0,0
1045,0,1,0,0
6265,0,1,0,0
5402,0,1,0,0
15947,0,1,0,0
2203,0,1,0,0
7594,0,1,0,0
21130,0.00144289,4,2,0
21615,0,1,0,0
2622,0,1,0,0
4960,0,1,0,0
16270,0.000240056,5,3,0
16102,0,2,1,0
17956,9.84724e-05,3,2,0
20375,0,1,0,0
22463,0,1,0,0
3878,0,1,0,0
16584,2.71522e-06,2,1,0
2997,0.0002405,2,1,0
6888,0.0002405,3,2,0
11664,0,1,0,0
4712,0,1,0,0
11017,0,1,0,0
5240,0.00442651,6,4,0
9074,0.000962001,4,3,0
12425,0.00192308,3,2,0
18275,0,1,0,0
20636,0,1,0,0
4640,0,1,0,0
19248,0,2,1,0
11109,0,2,1,0
21562,0,1,0,0
21149,5.78821e-08,3,1,0
312,0,1,0,0
16545,0,1,0,0
12786,0.000524846,4,4,0
13673,0.0019675,6,5,0
9266,0,1,0,0
2750,0,1,0,0
20668,0,1,0,0
3068,0,1,0,0
5631,0,1,0,0
16067,0,2,1,0
19569,0,1,0,0
2917,0,2,1,0
6031,0,1,0,0
2010,0,3,2,0
8064,0,2,1,0
20599,0,1,0,0
179,0,1,0,0
547,0,1,0,0
1829,1.15764e-07,4,2,0
1982,0,1,0,0
3178,9.60672e-05,2,1,0
4989,0,1,0,0
18870,0,2,1,0
20062,0.000135211,3,1,0
22464,0,1,0,0
6878,0.00144289,3,2,0
11528,0.000481116,2,1,0
22244,0,1,0,0
11812,0,1,0,0
24248,0,1,0,0
8122,0.00108906,2,3,0
9769,0,2,1,0
15253,0,1,0,0
16647,0.00209822,2,1,0
22489,0,1,0,0
23412,0,1,0,0
25443,0,1,0,0
8511,0.00125134,7,3,0
22503,0,1,0,0
13604,0,1,0,0
4704,0,2,1,0
8801,1.15764e-07,4,2,0
12695,0,1,0,0
15125,2.37847e-05,1,0,0
15420,0,1,0,0
25204,0,1,0,0
385,0.000115408,4,2,0
1323,0,1,0,0
1606,6.77475e-05,14,21,0
7072,0,2,1,0
9890,0,1,0,0
12849,0,1,0,0
14377,0,1,0,0
17981,0,1,0,0
18234,0,1,0,0
21220,0.00397839,10,6,0
22225,0,1,0,0
23506,0.00290711,4,3,0
23620,0.000187141,1,0,0
24332,0,1,0,0
12106,0,1,0,0
1267,0,1,0,0
1511,0.000481116,2,1,0
15793,0.00170747,4,2,0
18102,0,2,1,0
20772,0,1,0,0
23248,0,1,0,0
26193,0.000450508,4,3,0
22830,0.000481116,2,1,0
299,0.000855597,5,3,0
14174,0,1,0,0
18746,0,1,0,0
22051,0.0003899,5,2,0
22075,0,1,0,0
24713,0.00271203,11,8,0
14616,0,1,0,0
17817,0.00112063,2,1,0
2356,0,1,0,0
6337,0.00186739,10,5,0
17419,0.00499133,8,5,0
18105,0,1,0,0
2773,0,3,2,0
5661,0,1,0,0
6529,0,2,1,0
6543,0,1,0,0
16486,0,1,0,0
8523,5.23936e-05,1,0,0
19964,3.47293e-07,4,2,0
2342,0,1,0,0
2516,0,1,0,0
21998,0.000481116,3,1,0
941,0.000478931,7,5,0
13712,0,3,2,0
16727,0,2,1,0
22321,0,4,3,0
23383,0,1,0,0
25442,0.00238749,5,4,0
19980,0,6,5,0
5957,1.38917e-06,13,6,0
7716,0,5,4,0
11233,0,4,3,0
14090,0,2,1,0
18397,0,3,2,0
25541,0,1,0,0
2249,0,6,5,0
6077,0,1,0,0
6611,0,4,3,0
8672,0,3,2,0
19955,0,5,4,0
21832,0,2,1,0
3316,0.000481116,2,1,0
9759,0,1,0,0
11865,0,1,0,0
855,0,1,0,0
4261,0,1,0,0
7772,0,1,0,0
23299,0,1,0,0
8871,0,1,0,0
17090,0,2,1,0
3772,0,1,0,0
4104,0,2,1,0
4431,0,1,0,0
4967,0,1,0,0
11152,0,3,2,0
15616,0,2,1,0
16262,0,1,0,0
18995,0,3,2,0
19562,0.00073089,2,1,0
22087,0,2,1,0
22109,0,2,1,0
22839,0,1,0,0
23683,0,1,0,0
24477,0.00073089,1,0,0
25304,0.000708951,3,4,0
14854,0.000481116,2,1,0
24489,0.00245455,16,15,0
6835,0,1,0,0
24219,9.85082e-05,1,0,0
3321,0,1,0,0
1151,0,5,4,0
2410,0,2,1,0
3843,0.00146435,17,11,0
6301,0,1,0,0
10247,0,1,0,0
15414,0,4,3,0
18743,0,8,7,0
22032,0,9,8,0
22903,0.000159474,11,9,0
23674,0,6,5,0
24294,0,7,6,0
24706,0,3,2,0
25998,0.000159474,12,10,0
2124,0,1,0,0
3293,0,1,0,0
5825,0.00108974,5,2,0
628,0,1,0,0
9413,6.63897e-05,1,0,0
13641,0,1,0,0
1962,0.000422586,2,1,0
1613,0,1,0,0
13992,0,3,2,0
15217,0,2,1,0
15665,0,1,0,0
16154,0.00192354,8,3,0
21159,0,1,0,0
915,0,2,1,0
10438,0,2,1,0
18624,0,1,0,0
20558,0,1,0,0
10026,0,1,0,0
15316,4.13792e-05,2,1,0
17249,0,1,0,0
18066,0,2,1,0
12787,0,1,0,0
21621,0.000324893,5,2,0
24877,0.00162818,8,4,0
93,0.000564527,3,1,0
17343,0,1,0,0
20328,0.00272805,9,3,0
9103,0,1,0,0
10684,0,1,0,0
11878,0,1,0,0
18557,0.000481116,2,1,0
21101,0,1,0,0
19909,0,2,1,0
23474,0,1,0,0
7093,0,1,0,0
8000,0,1,0,0
17395,0,1,0,0
18582,0,1,0,0
22375,5.78821e-08,3,1,0
23419,0,1,0,0
3231,2.31528e-07,7,5,0
4705,0,2,1,0
4773,2.31528e-07,6,4,0
6411,2.31528e-07,8,6,0
8549,0,3,2,0
10500,0,3,2,0
16352,2.31528e-07,9,7,0
17546,0,4,3,0
19808,0,4,3,0
21931,0,1,0,0
22369,0,1,0,0
22466,0,1,0,0
25159,0,2,1,0
22815,0.00040373,10,8,0
29,0,1,0,0
16751,0,1,0,0
750,0,2,1,0
19641,0,1,0,0
1278,0.00185223,6,3,0
778,0,3,2,0
1048,0,1,0,0
16743,0,1,0,0
22235,0,2,1,0
4376,0.000278104,2,1,0
18246,0,1,0,0
3718,0,2,1,0
7511,0,1,0,0
6642,0,2,1,0
17277,0,1,0,0
18209,0,3,2,0
7247,0,2,1,0
9459,0,3,2,0
11829,0,1,0,0
16872,0.000481116,2,1,0
19996,0,3,2,0
380,0,2,1,0
20078,0,1,0,0
5061,0,1,0,0
20317,0,1,0,0
12411,0.000210662,4,2,0
8922,0,1,0,0
9488,0,1,0,0
17182,0,1,0,0
22894,0,1,0,0
10041,2.31528e-08,2,1,0
13995,0,1,0,0
10383,0,1,0,0
13319,0,2,1,0
16115,2.40273e-05,5,2,0
21583,0.000197882,1,0,0
25229,0,1,0,0
2074,0,1,0,0
10996,0.000851723,4,5,0
19080,1.16897e-05,1,0,0
751,0,1,0,0
2655,0,1,0,0
20008,0,1,0,0
25866,0,2,1,0
2087,2.17413e-06,3,1,0
2993,0,1,0,0
4377,0,1,0,0
6271,0.000494973,32,19,0
7023,0.000604341,9,6,0
13404,0.00343034,182,169,1
1563,5.14508e-08,14,11,0
2457,5.14508e-08,15,12,0
3534,5.14508e-08,17,14,0
4639,0,2,1,0
5065,5.14508e-08,19,16,0
6387,5.14508e-08,18,15,0
14379,5.14508e-08,12,9,0
15145,0,4,3,0
15562,5.14508e-08,13,10,0
15708,5.14508e-08,20,17,0
15714,5.14508e-08,16,13,0
15805,5.14508e-08,10,7,0
17345,0,1,0,0
17580,5.14508e-08,9,6,0
17584,0,1,0,0
18396,7.69738e-05,22,18,0
18952,5.14508e-08,8,5,0
19677,5.14508e-08,7,4,0
20231,0,1,0,0
23241,0,2,1,0
24616,0,3,2,0
24617,0,1,0,0
24819,5.14508e-08,11,8,0
1157,0,2,1,0
16334,0,1,0,0
9922,0,1,0,0
2504,0,1,0,0
19585,0,2,1,0
9987,0,1,0,0
21554,0,1,0,0
7463,0.00194275,4,3,0
12318,0.000481116,2,1,0
15150,0,1,0,0
19800,0.000962117,3,1,0
7695,0,1,0,0
3827,0,1,0,0
8595,0,1,0,0
14691,0,2,1,0
7025,0,1,0,0
25540,0.00240373,6,4,0
6666,0.00192342,6,3,0
17986,0,1,0,0
21190,0.000481116,2,1,0
9217,0,1,0,0
2596,0,3,2,0
23462,0,1,0,0
23464,0,2,1,0
25644,0,1,0,0
3452,0,1,0,0
6442,0.000647948,3,1,0
9968,0,2,1,0
14383,0,1,0,0
14652,0,3,2,0
17681,0.00141671,10,8,0
20587,3.66026e-06,3,2,0
21592,0,1,0,0
2144,0,20,19,0
2774,0,11,10,0
3055,0,1,0,0
3652,0,21,20,0
3655,0,17,16,0
3766,0,16,15,0
3814,0,12,11,0
6388,0,14,13,0
7096,0,19,18,0
9249,0,22,21,0
12051,0,15,14,0
12423,0,23,22,0
12885,0,10,9,0
14808,0,9,8,0
15173,0,8,7,0
15189,0,7,6,0
15999,0,18,17,0
18942,0,6,5,0
19705,0,4,3,0
20250,0,13,12,0
21030,0,5,4,0
21825,0,3,2,0
25108,0,2,1,0
13684,0,2,1,0
18283,0,1,0,0
19301,0,3,2,0
21814,0,1,0,0
1404,0,1,0,0
2562,0,3,2,0
11199,0,2,1,0
18552,0,1,0,0
11612,0,1,0,0
24944,0,2,1,0
1992,0,1,0,0
4033,0,3,2,0
20782,0,2,1,0
23730,0,1,0,0
4625,0,1,0,0
12296,0,1,0,0
20959,0,1,0,0
3119,0,2,1,0
19004,0,1,0,0
7103,0,1,0,0
2503,0.000962001,3,2,0
5465,0,1,0,0
18141,0,3,2,0
20663,0,2,1,0
7384,0,1,0,0
6944,0,4,3,0
12660,0,1,0,0
14372,0,3,2,0
26178,0,2,1,0
7024,0,2,1,0
17393,0,1,0,0
17827,0,1,0,0
19060,0,1,0,0
10004,0.00156251,3,2,0
25234,0,1,0,0
18314,0.00169753,8,2,0
3684,0,1,0,0
5395,0,1,0,0
5445,0,1,0,0
11141,0.000166895,4,1,0
18370,0.000365074,3,1,0
19447,0,1,0,0
20434,0,1,0,0
4263,0,1,0,0
6859,0,3,2,0
17999,9.2525e-06,2,1,0
18282,0,2,1,0
8877,0,1,0,0
3280,0,1,0,0
13191,0,1,0,0
13013,0,1,0,0
18899,0.00125951,6,5,0
21293,0.000481116,2,1,0
2950,0,1,0,0
9335,0,1,0,0
25235,0,1,0,0
25668,0,1,0,0
6455,0,1,0,0
19801,0,1,0,0
65,0.000831825,5,3,0
358,0,1,0,0
8504,0,1,0,0
21152,0,1,0,0
19379,0,1,0,0
19247,0,1,0,0
18586,0,1,0,0
27,0,4,3,0
11114,0,3,2,0
19081,0,2,1,0
24726,0,1,0,0
18344,0,1,0,0
3292,0,1,0,0
10391,0,1,0,0
1857,0,2,1,0
3967,0,1,0,0
12053,0.000962001,3,2,0
880,1.73646e-07,2,3,0
252,0,1,0,0
15418,0,1,0,0
4148,0,1,0,0
9863,0,2,1,0
8457,0,1,0,0
15478,0,1,0,0
24203,0,1,0,0
3516,0.00144289,4,2,0
7053,0,1,0,0
12618,0,1,0,0
13144,0.000960843,2,3,0
15413,0.00192284,5,4,0
18634,0,2,1,0
3850,0,1,0,0
9128,0,1,0,0
113,0.000481116,2,1,0
4103,0,1,0,0
12312,0,2,1,0
17994,0,1,0,0
20947,0.000262317,1,0,0
26021,0,2,1,0
3204,9.58756e-05,3,2,0
25937,9.58756e-05,2,1,0
866,0,2,1,0
17825,0,1,0,0
20173,0,1,0,0
6305,0,1,0,0
7726,0,3,2,0
14870,0,4,3,0
14872,0.000993619,9,5,0
20316,0,2,1,0
1493,0.000534494,13,8,0
2452,0,3,2,0
3811,0.000534494,12,7,0
9027,0,2,1,0
14153,0,1,0,0
1436,9.09817e-06,2,1,0
20064,0,1,0,0
20331,0,1,0,0
13864,0,1,0,0
21154,0,1,0,0
1293,0,19,18,0
2621,0,25,24,0
2623,0,15,14,0
3283,0,12,11,0
3812,0,27,26,0
3820,0,29,28,0
3824,0,18,17,0
4834,0.000962001,35,32,0
5131,0,9,8,0
6222,0,16,15,0
6456,0,20,19,0
6525,0,13,12,0
6868,0,1,0,0
7525,0,30,29,0
8448,0,14,13,0
9433,0,10,9,0
12802,0,11,10,0
13482,0,31,30,0
13526,0,23,22,0
14157,0.00144265,37,33,0
14373,0,26,25,0
15148,0,28,27,0
17600,0,32,31,0
17819,0,5,4,0
17823,0,22,21,0
17824,0,6,5,0
18000,0,21,20,0
18444,0,24,23,0
22324,0,8,7,0
22901,0,4,3,0
24474,0,17,16,0
24479,0,3,2,0
24615,0,7,6,0
26039,0,2,1,0
13035,0,1,0,0
16110,0,3,2,0
26130,0,2,1,0
25449,0,1,0,0
24341,0,1,0,0
23135,0,1,0,0
17818,0,1,0,0
19697,0.000804913,6,3,0
23219,0,1,0,0
23809,1.25112e-05,3,1,0
11583,0,1,0,0
2879,0,1,0,0
17297,0.000481116,3,1,0
16227,0,1,0,0
25219,0,1,0,0
25089,0.000962001,3,2,0
820,0.000481116,2,1,0
2515,0,1,0,0
4425,0.00144289,4,2,0
7278,0,1,0,0
14559,0,1,0,0
2459,0,1,0,0
6380,0,1,0,0
1025,0,1,0,0
1026,0,1,0,0
1696,0,2,1,0
15197,0,2,1,0
18195,0,1,0,0
13832,0,1,0,0
17114,0,2,1,0
20489,0,1,0,0
7088,0,1,0,0
7546,0.000962117,4,1,0
23418,0,1,0,0
15898,0.000481116,2,1,0
11924,0,1,0,0
25437,0,1,0,0
22888,0,1,0,0
12547,0,1,0,0
25181,0,1,0,0
3431,0,1,0,0
164,0,1,0,0
2142,0.000481116,5,3,0
13283,0,3,2,0
23858,0,2,1,0
24601,0,1,0,0
20260,0,1,0,0
4275,0.00144265,5,3,0
4081,0,2,1,0
13625,0,3,2,0
17878,0,1,0,0
24471,0,1,0,0
18122,0.00259747,14,9,0
1699,0,1,0,0
2303,6.47408e-05,4,2,0
7878,0,3,2,0
8541,0.0013295,9,8,0
8593,0,1,0,0
17575,0,1,0,0
17683,0,2,1,0
17923,1.35018e-05,2,1,0
18771,9.94524e-05,6,3,0
24593,0,1,0,0
25875,0,2,1,0
12645,0,2,1,0
16803,0,1,0,0
12749,0,1,0,0
16819,0,1,0,0
24034,7.3759e-06,2,1,0
17861,0,1,0,0
5415,0,1,0,0
4380,0,1,0,0
16756,0,2,1,0
16729,0,1,0,0
2049,0,2,1,0
9915,0,1,0,0
1825,0,1,0,0
6226,0,1,0,0
14317,0,2,1,0
20775,0,1,0,0
4469,0,1,0,0
2306,0.000548873,4,4,0
10514,0,1,0,0
3964,0,3,2,0
4018,0,1,0,0
9414,0,1,0,0
12640,0,2,1,0
16608,0,1,0,0
16800,0,1,0,0
2803,0,1,0,0
2295,0,1,0,0
5826,0,1,0,0
22,0.00228987,9,6,0
11183,0,1,0,0
19440,0.000481116,2,1,0
22618,0.000450074,3,2,0
25043,0.000792572,6,3,0
1101,0,2,1,0
9030,0.000962001,3,2,0
17854,0,1,0,0
22487,0,1,0,0
25891,0,2,1,0
1823,0,1,0,0
2003,0,1,0,0
22031,0,1,0,0
885,0,2,1,0
2505,0,1,0,0
17192,0,3,2,0
1966,0,1,0,0
8048,0,3,2,0
15717,0,2,1,0
4875,0.00384245,2,5,0
4488,0.000617886,5,3,0
15913,0,1,0,0
2386,0,1,0,0
16941,0,1,0,0
8446,0.000962001,3,2,0
18597,0,1,0,0
11502,0.000789845,6,2,0
11903,0,1,0,0
12157,0,1,0,0
12158,0,1,0,0
24210,0.000202737,3,1,0
1860,0,1,0,0
3073,0,1,0,0
4000,0,1,0,0
3685,0,1,0,0
4656,0,3,2,0
18196,0,2,1,0
23303,0,1,0,0
24841,0.00336446,8,3,0
4265,0,2,1,0
5267,0,1,0,0
5271,1.15764e-07,4,2,0
7597,0,1,0,0
7638,0,2,1,0
7648,0,1,0,0
11844,0.00336295,3,4,0
7854,0,1,0,0
1668,0,1,0,0
4835,0,2,1,0
15007,0,1,0,0
10445,0.000481116,2,1,0
21594,0,1,0,0
22738,1.21759e-05,1,0,0
17341,0,1,0,0
24470,0,1,0,0
15186,0,1,0,0
13683,0,2,1,0
21203,0.000481116,4,2,0
21778,0,1,0,0
26042,0,1,0,0
3451,0,1,0,0
7038,0,1,0,0
2810,0,1,0,0
18145,0,2,1,0
21799,0,1,0,0
192,0.00100469,3,2,0
7857,0.000481116,2,1,0
11968,0,1,0,0
19810,0,1,0,0
14841,0,1,0,0
920,0.000103298,2,1,0
25904,0,1,0,0
25829,0,2,1,0
25849,0,1,0,0
13355,0.000590893,2,1,0
5182,0,1,0,0
13311,0,2,1,0
1879,0,1,0,0
21548,0,1,0,0
21177,0.000962001,3,2,0
1174,0,1,0,0
2712,0,2,1,0
14176,0,1,0,0
16415,0,6,5,0
7046,0,4,3,0
14710,0,5,4,0
15682,0,3,2,0
17157,0,1,0,0
23093,0,2,1,0
21547,0,1,0,0
15357,0.00100997,8,4,0
6076,0,1,0,0
7311,0,4,3,0
8629,0,1,0,0
12615,0,3,2,0
15163,0,2,1,0
16483,0,2,1,0
17731,0.00194629,12,9,0
18913,1.73646e-07,2,1,0
13990,0,1,0,0
4555,0,1,0,0
10346,0.000240732,5,2,0
15687,0.000240384,2,1,0
19143,0,2,1,0
19383,0,1,0,0
6291,0,1,0,0
19223,0,1,0,0
19739,0,1,0,0
20568,0,2,1,0
8452,0,1,0,0
22233,0.000411239,6,3,0
12612,0,1,0,0
14843,0,2,1,0
19208,0,2,1,0
20569,0,1,0,0
19703,6.21669e-05,1,0,0
4825,0.00144289,5,2,0
8037,0,1,0,0
9593,0.000481116,2,1,0
14621,0,2,1,0
19608,0,1,0,0
15250,0,1,0,0
15589,0,1,0,0
4836,0,1,0,0
11898,0,1,0,0
1028,0.00144265,4,3,0
9924,5.82226e-06,2,4,0
12262,5.82226e-06,3,5,0
23775,0,1,0,0
11012,0,2,1,0
8198,0.000169251,1,0,0
13010,0.000366632,4,3,0
320,2.94174e-05,5,2,0
1897,0,1,0,0
5602,0,1,0,0
6024,0,1,0,0
17464,0,1,0,0
17590,0,1,0,0
18042,1.73646e-07,3,1,0
21315,0,1,0,0
22770,0,1,0,0
5483,0,1,0,0
18884,0,1,0,0
22727,0,1,0,0
2487,0,1,0,0
3052,0.000721559,5,2,0
6711,0,1,0,0
16232,0,1,0,0
22725,0.000240442,3,1,0
14991,0,1,0,0
8973,0,1,0,0
14600,0,1,0,0
23138,0,1,0,0
4372,0,2,1,0
10880,0,1,0,0
16598,0.00144289,4,2,0
3851,0,1,0,0
7011,0,1,0,0
8702,0,1,0,0
18159,0,1,0,0
15200,0,1,0,0
15617,0,1,0,0
2352,0,1,0,0
1855,0,1,0,0
2527,0,1,0,0
5057,0,1,0,0
7094,0,1,0,0
22556,0,1,0,0
19102,0,1,0,0
748,0,1,0,0
19450,0,1,0,0
3383,0,1,0,0
1322,0,1,0,0
10925,0,1,0,0
15195,0,2,1,0
16068,0,2,1,0
17467,0,3,2,0
11611,0,1,0,0
20779,0,2,1,0
24490,0,1,0,0
1915,0,1,0,0
12263,0,1,0,0
16155,0,1,0,0
315,0,1,0,0
5629,0.00144289,4,2,0
10499,0,1,0,0
16718,0,1,0,0
25599,0,2,1,0
832,0,10,9,0
3387,0,7,6,0
4703,0,14,13,0
7447,0,5,4,0
9764,0,9,8,0
10117,0,4,3,0
14340,0,6,5,0
14370,0,1,0,0
15006,0,8,7,0
16231,0,11,10,0
16590,0,12,11,0
16730,0,13,12,0
19957,0,15,14,0
21848,0,3,2,0
22320,0,2,1,0
5365,0,1,0,0
7769,0,2,1,0
15977,0,1,0,0
17118,0,1,0,0
22394,0,1,0,0
19256,0,1,0,0
510,0,1,0,0
22285,0,1,0,0
10850,0,1,0,0
12644,0,1,0,0
20528,0,1,0,0
1561,0,1,0,0
4484,0,1,0,0
22379,0,1,0,0
21558,0,3,2,0
19683,0,2,1,0
22744,0,1,0,0
22746,0,1,0,0
2806,0,1,0,0
9209,0,2,1,0
914,0,5,4,0
2243,0,3,2,0
3442,0,2,1,0
5162,0,1,0,0
18633,0,4,3,0
13036,0,1,0,0
25114,0,1,0,0
21544,0,1,0,0
7090,9.69504e-05,3,2,0
71,0,1,0,0
12745,0,1,0,0
19023,0,1,0,0
10468,0,1,0,0
8398,0.000481116,2,1,0
9327,0.000962001,4,2,0
403,0,1,0,0
1782,0,1,0,0
13521,0,1,0,0
18784,0,1,0,0
8976,0.000481116,2,1,0
3910,0,1,0,0
13749,0.00175414,4,2,0
12121,0,2,1,0
13034,0,1,0,0
7595,0,1,0,0
8118,0,2,1,0
15802,0,1,0,0
11926,0,1,0,0
8340,0.000127211,3,6,0
3053,0,1,0,0
1427,0.000481116,2,1,0
11037,0,1,0,0
8449,0,3,2,0
13490,0,2,1,0
19528,0,1,0,0
22577,0,2,1,0
25440,0,1,0,0
18366,0,1,0,0
25217,0,1,0,0
4750,0,1,0,0
19147,0,2,1,0
20174,0,1,0,0
11792,0,1,0,0
16831,0,2,1,0
8367,0,1,0,0
8969,0,1,0,0
25649,0,2,1,0
25839,0,1,0,0
1024,0,2,1,0
12552,0,1,0,0
16513,0,1,0,0
18278,0,1,0,0
8161,1.49559e-05,2,1,0
12054,0,1,0,0
21468,0,1,0,0
10352,0,1,0,0
4959,0,1,0,0
6867,0,1,0,0
19110,0,1,0,0
16042,0,1,0,0
5533,0,1,0,0
21811,0.000481116,2,1,0
23306,0.00384245,3,5,0
3719,0,3,2,0
5067,1.38274e-06,11,5,0
6907,1.38274e-06,12,6,0
8072,0,1,0,0
8375,0,4,3,0
9025,1.38274e-06,14,8,0
13649,1.38274e-06,15,9,0
19545,0,5,4,0
25060,0,2,1,0
25289,1.38274e-06,13,7,0
15683,0,5,4,0
19923,0,2,1,0
20664,0,3,2,0
21824,0,4,3,0
25359,0,1,0,0
18091,0,1,0,0
24456,0,2,1,0
938,0,2,1,0
5087,0,1,0,0
6737,0,1,0,0
9988,0,1,0,0
14620,0,2,1,0
9514,0,1,0,0
1959,0,2,1,0
9723,0,1,0,0
18558,0,1,0,0
6513,0,2,1,0
25138,0,1,0,0
17275,0,1,0,0
16801,0,1,0,0
13387,0,2,1,0
22048,0,1,0,0
25176,0,1,0,0
1793,0,1,0,0
5481,0,1,0,0
3754,0.000962001,4,2,0
8185,0,1,0,0
16496,0,2,1,0
18613,0,1,0,0
10497,0,1,0,0
357,0,2,1,0
23300,0,1,0,0
24960,0,3,2,0
18772,0,1,0,0
14639,0,1,0,0
2073,0,1,0,0
1662,0,1,0,0
2613,0,2,1,0
20515,0,1,0,0
23915,4.39836e-05,8,7,0
12266,4.39836e-05,5,4,0
15678,4.39836e-05,2,1,0
17134,4.39836e-05,6,5,0
21436,4.39836e-05,4,3,0
23146,0,1,0,0
23488,4.39836e-05,7,6,0
25575,4.39836e-05,3,2,0
9631,0,2,1,0
10898,0,1,0,0
9018,0,1,0,0
14374,0,2,1,0
18299,7.71762e-08,4,2,0
19687,0,1,0,0
677,0,1,0,0
4426,0,2,1,0
4242,0,1,0,0
17581,0,1,0,0
10446,0,1,0,0
9979,0,1,0,0
18094,0.000481116,2,1,0
8870,0,1,0,0
9867,0,1,0,0
4037,0,1,0,0
25663,0,2,1,0
24140,0,1,0,0
24708,0,1,0,0
19443,0,3,2,0
23492,0,2,1,0
5062,0,1,0,0
19881,0,1,0,0
10116,0,1,0,0
22645,0,1,0,0
6078,0,1,0,0
22728,0,1,0,0
18455,0,1,0,0
20066,0,1,0,0
5829,0,1,0,0
15774,0,1,0,0
